plan_id,test_name,trading_day,timestamp,symbol,option_type,strike,expiry,action,quantity,lots,price,reason,remaining_lots,remaining_quantity,entry_price,realized_pnl,cumulative_plan_pnl
plan_2026-04-02_NIFTY_PE_22400.0,nifty_apr_jul_2026_2lots_wide_range,2026-04-02,2026-04-02 09:16:00,NIFTY,PE,22400.0,2026-04-07,BUY,150,2,373.75,ENTRY,2,150,373.75,0.0,0.0
plan_2026-04-02_NIFTY_PE_22400.0,nifty_apr_jul_2026_2lots_wide_range,2026-04-02,2026-04-02 09:23:00,NIFTY,PE,22400.0,2026-04-07,SELL,150,2,372.12,STOPLOSS,0,0,373.75,-244.5,-244.5
plan_2026-04-06_NIFTY_PE_22800.0,nifty_apr_jul_2026_2lots_wide_range,2026-04-06,2026-04-06 09:17:00,NIFTY,PE,22800.0,2026-04-07,BUY,150,2,297.05,ENTRY,2,150,297.05,0.0,0.0
plan_2026-04-06_NIFTY_PE_22800.0,nifty_apr_jul_2026_2lots_wide_range,2026-04-06,2026-04-06 09:18:00,NIFTY,PE,22800.0,2026-04-07,SELL,75,1,324.81,TARGET_2,1,75,297.05,2082.0,2082.0
plan_2026-04-06_NIFTY_PE_22800.0,nifty_apr_jul_2026_2lots_wide_range,2026-04-06,2026-04-06 09:20:00,NIFTY,PE,22800.0,2026-04-07,SELL,75,1,291.63,STOPLOSS,0,0,297.05,-406.5,1675.5
plan_2026-04-07_NIFTY_CE_22550.0,nifty_apr_jul_2026_2lots_wide_range,2026-04-07,2026-04-07 10:01:00,NIFTY,CE,22550.0,2026-04-07,BUY,150,2,378.9,ENTRY,2,150,378.9,0.0,0.0
plan_2026-04-07_NIFTY_CE_22550.0,nifty_apr_jul_2026_2lots_wide_range,2026-04-07,2026-04-07 10:08:00,NIFTY,CE,22550.0,2026-04-07,SELL,150,2,363.8,STOPLOSS,0,0,378.9,-2265.0,-2265.0
plan_2026-04-06_NIFTY_CE_22750.0,nifty_apr_jul_2026_2lots_wide_range,2026-04-06,2026-04-06 09:37:00,NIFTY,CE,22750.0,2026-04-13,BUY,150,2,406.75,ENTRY,2,150,406.75,0.0,0.0
plan_2026-04-06_NIFTY_CE_22750.0,nifty_apr_jul_2026_2lots_wide_range,2026-04-06,2026-04-06 09:40:00,NIFTY,CE,22750.0,2026-04-13,SELL,150,2,388.86,STOPLOSS,0,0,406.75,-2683.5,-2683.5
plan_2026-04-07_NIFTY_CE_22800.0,nifty_apr_jul_2026_2lots_wide_range,2026-04-07,2026-04-07 09:23:00,NIFTY,CE,22800.0,2026-04-13,BUY,150,2,385.65,ENTRY,2,150,385.65,0.0,0.0
plan_2026-04-07_NIFTY_CE_22800.0,nifty_apr_jul_2026_2lots_wide_range,2026-04-07,2026-04-07 09:27:00,NIFTY,CE,22800.0,2026-04-13,SELL,75,1,413.26,TARGET_2,1,75,385.65,2070.75,2070.75
plan_2026-04-07_NIFTY_CE_22800.0,nifty_apr_jul_2026_2lots_wide_range,2026-04-07,2026-04-07 09:34:00,NIFTY,CE,22800.0,2026-04-13,SELL,75,1,413.5,STOPLOSS,0,0,385.65,2088.75,4159.5
plan_2026-04-08_NIFTY_CE_23850.0,nifty_apr_jul_2026_2lots_wide_range,2026-04-08,2026-04-08 09:47:00,NIFTY,CE,23850.0,2026-04-13,BUY,150,2,285.95,ENTRY,2,150,285.95,0.0,0.0
plan_2026-04-08_NIFTY_CE_23850.0,nifty_apr_jul_2026_2lots_wide_range,2026-04-08,2026-04-08 09:53:00,NIFTY,CE,23850.0,2026-04-13,SELL,150,2,282.35,STOPLOSS,0,0,285.95,-540.0,-540.0
plan_2026-04-09_NIFTY_CE_23800.0,nifty_apr_jul_2026_2lots_wide_range,2026-04-09,2026-04-09 09:21:00,NIFTY,CE,23800.0,2026-04-13,BUY,150,2,284.05,ENTRY,2,150,284.05,0.0,0.0
plan_2026-04-09_NIFTY_CE_23800.0,nifty_apr_jul_2026_2lots_wide_range,2026-04-09,2026-04-09 09:30:00,NIFTY,CE,23800.0,2026-04-13,SELL,150,2,302.81,STOPLOSS,0,0,284.05,2814.0,2814.0
plan_2026-04-09_NIFTY_PE_23950.0,nifty_apr_jul_2026_2lots_wide_range,2026-04-09,2026-04-09 09:48:00,NIFTY,PE,23950.0,2026-04-13,BUY,150,2,253.6,ENTRY,2,150,253.6,0.0,0.0
plan_2026-04-09_NIFTY_PE_23950.0,nifty_apr_jul_2026_2lots_wide_range,2026-04-09,2026-04-09 09:50:00,NIFTY,PE,23950.0,2026-04-13,SELL,75,1,277.44,TARGET_2,1,75,253.6,1788.0,1788.0
plan_2026-04-09_NIFTY_PE_23950.0,nifty_apr_jul_2026_2lots_wide_range,2026-04-09,2026-04-09 09:58:00,NIFTY,PE,23950.0,2026-04-13,SELL,75,1,292.2,TARGET_3,0,0,253.6,2895.0,4683.0
plan_2026-04-10_NIFTY_CE_23800.0,nifty_apr_jul_2026_2lots_wide_range,2026-04-10,2026-04-10 09:16:00,NIFTY,CE,23800.0,2026-04-13,BUY,150,2,240.25,ENTRY,2,150,240.25,0.0,0.0
plan_2026-04-10_NIFTY_CE_23800.0,nifty_apr_jul_2026_2lots_wide_range,2026-04-10,2026-04-10 09:20:00,NIFTY,CE,23800.0,2026-04-13,SELL,75,1,257.66,TARGET_2,1,75,240.25,1305.75,1305.75
plan_2026-04-10_NIFTY_CE_23800.0,nifty_apr_jul_2026_2lots_wide_range,2026-04-10,2026-04-10 09:23:00,NIFTY,CE,23800.0,2026-04-13,SELL,75,1,247.75,STOPLOSS,0,0,240.25,562.5,1868.25
plan_2026-04-13_NIFTY_PE_23850.0,nifty_apr_jul_2026_2lots_wide_range,2026-04-13,2026-04-13 09:16:00,NIFTY,PE,23850.0,2026-04-13,BUY,150,2,226.8,ENTRY,2,150,226.8,0.0,0.0
plan_2026-04-13_NIFTY_PE_23850.0,nifty_apr_jul_2026_2lots_wide_range,2026-04-13,2026-04-13 09:16:00,NIFTY,PE,23850.0,2026-04-13,SELL,75,1,260.34,TARGET_2,1,75,226.8,2515.5,2515.5
plan_2026-04-13_NIFTY_PE_23850.0,nifty_apr_jul_2026_2lots_wide_range,2026-04-13,2026-04-13 09:16:00,NIFTY,PE,23850.0,2026-04-13,SELL,75,1,281.1,TARGET_3,0,0,226.8,4072.5,6588.0
plan_2026-04-13_NIFTY_CE_23550.0,nifty_apr_jul_2026_2lots_wide_range,2026-04-13,2026-04-13 10:21:00,NIFTY,CE,23550.0,2026-04-21,BUY,150,2,410.85,ENTRY,2,150,410.85,0.0,0.0
plan_2026-04-13_NIFTY_CE_23550.0,nifty_apr_jul_2026_2lots_wide_range,2026-04-13,2026-04-13 10:33:00,NIFTY,CE,23550.0,2026-04-21,SELL,150,2,418.2,STOPLOSS,0,0,410.85,1102.5,1102.5
plan_2026-04-13_NIFTY_PE_23600.0,nifty_apr_jul_2026_2lots_wide_range,2026-04-13,2026-04-13 09:16:00,NIFTY,PE,23600.0,2026-04-21,BUY,150,2,282.3,ENTRY,2,150,282.3,0.0,0.0
plan_2026-04-13_NIFTY_PE_23600.0,nifty_apr_jul_2026_2lots_wide_range,2026-04-13,2026-04-13 09:16:00,NIFTY,PE,23600.0,2026-04-21,SELL,75,1,309.16,TARGET_2,1,75,282.3,2014.5,2014.5
plan_2026-04-13_NIFTY_PE_23600.0,nifty_apr_jul_2026_2lots_wide_range,2026-04-13,2026-04-13 09:23:00,NIFTY,PE,23600.0,2026-04-21,SELL,75,1,307.89,STOPLOSS,0,0,282.3,1919.25,3933.75
plan_2026-04-15_NIFTY_PE_24250.0,nifty_apr_jul_2026_2lots_wide_range,2026-04-15,2026-04-15 09:34:00,NIFTY,PE,24250.0,2026-04-21,BUY,150,2,260.4,ENTRY,2,150,260.4,0.0,0.0
plan_2026-04-15_NIFTY_PE_24250.0,nifty_apr_jul_2026_2lots_wide_range,2026-04-15,2026-04-15 09:41:00,NIFTY,PE,24250.0,2026-04-21,SELL,150,2,264.9,STOPLOSS,0,0,260.4,675.0,675.0
plan_2026-04-16_NIFTY_CE_24300.0,nifty_apr_jul_2026_2lots_wide_range,2026-04-16,2026-04-16 09:19:00,NIFTY,CE,24300.0,2026-04-21,BUY,150,2,227.05,ENTRY,2,150,227.05,0.0,0.0
plan_2026-04-16_NIFTY_CE_24300.0,nifty_apr_jul_2026_2lots_wide_range,2026-04-16,2026-04-16 09:31:00,NIFTY,CE,24300.0,2026-04-21,SELL,150,2,229.95,STOPLOSS,0,0,227.05,435.0,435.0
plan_2026-04-16_NIFTY_PE_24400.0,nifty_apr_jul_2026_2lots_wide_range,2026-04-16,2026-04-16 09:38:00,NIFTY,PE,24400.0,2026-04-21,BUY,150,2,244.3,ENTRY,2,150,244.3,0.0,0.0
plan_2026-04-16_NIFTY_PE_24400.0,nifty_apr_jul_2026_2lots_wide_range,2026-04-16,2026-04-16 09:46:00,NIFTY,PE,24400.0,2026-04-21,SELL,150,2,246.55,STOPLOSS,0,0,244.3,337.5,337.5
plan_2026-04-17_NIFTY_CE_24100.0,nifty_apr_jul_2026_2lots_wide_range,2026-04-17,2026-04-17 09:16:00,NIFTY,CE,24100.0,2026-04-21,BUY,150,2,204.05,ENTRY,2,150,204.05,0.0,0.0
plan_2026-04-17_NIFTY_CE_24100.0,nifty_apr_jul_2026_2lots_wide_range,2026-04-17,2026-04-17 09:16:00,NIFTY,CE,24100.0,2026-04-21,SELL,75,1,232.37,TARGET_2,1,75,204.05,2124.0,2124.0
plan_2026-04-17_NIFTY_CE_24100.0,nifty_apr_jul_2026_2lots_wide_range,2026-04-17,2026-04-17 09:24:00,NIFTY,CE,24100.0,2026-04-21,SELL,75,1,231.68,STOPLOSS,0,0,204.05,2072.25,4196.25
plan_2026-04-20_NIFTY_CE_24150.0,nifty_apr_jul_2026_2lots_wide_range,2026-04-20,2026-04-20 09:25:00,NIFTY,CE,24150.0,2026-04-21,BUY,150,2,293.85,ENTRY,2,150,293.85,0.0,0.0
plan_2026-04-20_NIFTY_CE_24150.0,nifty_apr_jul_2026_2lots_wide_range,2026-04-20,2026-04-20 09:30:00,NIFTY,CE,24150.0,2026-04-21,SELL,150,2,282.31,STOPLOSS,0,0,293.85,-1731.0,-1731.0
plan_2026-04-20_NIFTY_PE_24400.0,nifty_apr_jul_2026_2lots_wide_range,2026-04-20,2026-04-20 09:16:00,NIFTY,PE,24400.0,2026-04-21,BUY,150,2,212.6,ENTRY,2,150,212.6,0.0,0.0
plan_2026-04-20_NIFTY_PE_24400.0,nifty_apr_jul_2026_2lots_wide_range,2026-04-20,2026-04-20 09:19:00,NIFTY,PE,24400.0,2026-04-21,SELL,150,2,188.65,STOPLOSS,0,0,212.6,-3592.5,-3592.5
plan_2026-04-21_NIFTY_CE_24200.0,nifty_apr_jul_2026_2lots_wide_range,2026-04-21,2026-04-21 09:16:00,NIFTY,CE,24200.0,2026-04-21,BUY,150,2,236.05,ENTRY,2,150,236.05,0.0,0.0
plan_2026-04-21_NIFTY_CE_24200.0,nifty_apr_jul_2026_2lots_wide_range,2026-04-21,2026-04-21 09:20:00,NIFTY,CE,24200.0,2026-04-21,SELL,75,1,272.25,TARGET_2,1,75,236.05,2715.0,2715.0
plan_2026-04-21_NIFTY_CE_24200.0,nifty_apr_jul_2026_2lots_wide_range,2026-04-21,2026-04-21 09:27:00,NIFTY,CE,24200.0,2026-04-21,SELL,75,1,264.45,STOPLOSS,0,0,236.05,2130.0,4845.0
plan_2026-04-20_NIFTY_CE_24350.0,nifty_apr_jul_2026_2lots_wide_range,2026-04-20,2026-04-20 10:30:00,NIFTY,CE,24350.0,2026-04-28,BUY,150,2,317.15,ENTRY,2,150,317.15,0.0,0.0
plan_2026-04-20_NIFTY_CE_24350.0,nifty_apr_jul_2026_2lots_wide_range,2026-04-20,2026-04-20 10:38:00,NIFTY,CE,24350.0,2026-04-28,SELL,150,2,322.25,STOPLOSS,0,0,317.15,765.0,765.0
plan_2026-04-20_NIFTY_PE_24400.0,nifty_apr_jul_2026_2lots_wide_range,2026-04-20,2026-04-20 09:16:00,NIFTY,PE,24400.0,2026-04-28,BUY,150,2,335.25,ENTRY,2,150,335.25,0.0,0.0
plan_2026-04-20_NIFTY_PE_24400.0,nifty_apr_jul_2026_2lots_wide_range,2026-04-20,2026-04-20 09:19:00,NIFTY,PE,24400.0,2026-04-28,SELL,150,2,308.35,STOPLOSS,0,0,335.25,-4035.0,-4035.0
plan_2026-04-21_NIFTY_CE_24350.0,nifty_apr_jul_2026_2lots_wide_range,2026-04-21,2026-04-21 09:16:00,NIFTY,CE,24350.0,2026-04-28,BUY,150,2,309.05,ENTRY,2,150,309.05,0.0,0.0
plan_2026-04-21_NIFTY_CE_24350.0,nifty_apr_jul_2026_2lots_wide_range,2026-04-21,2026-04-21 09:20:00,NIFTY,CE,24350.0,2026-04-28,SELL,75,1,327.79,TARGET_2,1,75,309.05,1405.5,1405.5
plan_2026-04-21_NIFTY_CE_24350.0,nifty_apr_jul_2026_2lots_wide_range,2026-04-21,2026-04-21 09:28:00,NIFTY,CE,24350.0,2026-04-28,SELL,75,1,325.5,STOPLOSS,0,0,309.05,1233.75,2639.25
plan_2026-04-22_NIFTY_PE_24500.0,nifty_apr_jul_2026_2lots_wide_range,2026-04-22,2026-04-22 09:29:00,NIFTY,PE,24500.0,2026-04-28,BUY,150,2,272.2,ENTRY,2,150,272.2,0.0,0.0
plan_2026-04-22_NIFTY_PE_24500.0,nifty_apr_jul_2026_2lots_wide_range,2026-04-22,2026-04-22 09:32:00,NIFTY,PE,24500.0,2026-04-28,SELL,150,2,268.41,STOPLOSS,0,0,272.2,-568.5,-568.5
plan_2026-04-23_NIFTY_CE_24150.0,nifty_apr_jul_2026_2lots_wide_range,2026-04-23,2026-04-23 09:31:00,NIFTY,CE,24150.0,2026-04-28,BUY,150,2,244.95,ENTRY,2,150,244.95,0.0,0.0
plan_2026-04-23_NIFTY_CE_24150.0,nifty_apr_jul_2026_2lots_wide_range,2026-04-23,2026-04-23 09:33:00,NIFTY,CE,24150.0,2026-04-28,SELL,150,2,231.87,STOPLOSS,0,0,244.95,-1962.0,-1962.0
plan_2026-04-23_NIFTY_PE_24250.0,nifty_apr_jul_2026_2lots_wide_range,2026-04-23,2026-04-23 09:16:00,NIFTY,PE,24250.0,2026-04-28,BUY,150,2,283.05,ENTRY,2,150,283.05,0.0,0.0
plan_2026-04-23_NIFTY_PE_24250.0,nifty_apr_jul_2026_2lots_wide_range,2026-04-23,2026-04-23 09:18:00,NIFTY,PE,24250.0,2026-04-28,SELL,150,2,256.45,STOPLOSS,0,0,283.05,-3990.0,-3990.0
plan_2026-04-24_NIFTY_PE_24250.0,nifty_apr_jul_2026_2lots_wide_range,2026-04-24,2026-04-24 09:21:00,NIFTY,PE,24250.0,2026-04-28,BUY,150,2,251.05,ENTRY,2,150,251.05,0.0,0.0
plan_2026-04-24_NIFTY_PE_24250.0,nifty_apr_jul_2026_2lots_wide_range,2026-04-24,2026-04-24 09:34:00,NIFTY,PE,24250.0,2026-04-28,SELL,75,1,299.64,TARGET_2,1,75,251.05,3644.25,3644.25
plan_2026-04-24_NIFTY_PE_24250.0,nifty_apr_jul_2026_2lots_wide_range,2026-04-24,2026-04-24 09:45:00,NIFTY,PE,24250.0,2026-04-28,SELL,75,1,329.7,TARGET_3,0,0,251.05,5898.75,9543.0
plan_2026-04-27_NIFTY_CE_23900.0,nifty_apr_jul_2026_2lots_wide_range,2026-04-27,2026-04-27 09:48:00,NIFTY,CE,23900.0,2026-04-28,BUY,150,2,247.75,ENTRY,2,150,247.75,0.0,0.0
plan_2026-04-27_NIFTY_CE_23900.0,nifty_apr_jul_2026_2lots_wide_range,2026-04-27,2026-04-27 10:00:00,NIFTY,CE,23900.0,2026-04-28,SELL,150,2,256.7,STOPLOSS,0,0,247.75,1342.5,1342.5
plan_2026-04-28_NIFTY_CE_23800.0,nifty_apr_jul_2026_2lots_wide_range,2026-04-28,2026-04-28 09:16:00,NIFTY,CE,23800.0,2026-04-28,BUY,150,2,244.05,ENTRY,2,150,244.05,0.0,0.0
plan_2026-04-28_NIFTY_CE_23800.0,nifty_apr_jul_2026_2lots_wide_range,2026-04-28,2026-04-28 09:19:00,NIFTY,CE,23800.0,2026-04-28,SELL,75,1,275.15,TARGET_2,1,75,244.05,2332.5,2332.5
plan_2026-04-28_NIFTY_CE_23800.0,nifty_apr_jul_2026_2lots_wide_range,2026-04-28,2026-04-28 09:20:00,NIFTY,CE,23800.0,2026-04-28,SELL,75,1,294.4,TARGET_3,0,0,244.05,3776.25,6108.75
plan_2026-04-27_NIFTY_PE_23950.0,nifty_apr_jul_2026_2lots_wide_range,2026-04-27,2026-04-27 09:17:00,NIFTY,PE,23950.0,2026-05-05,BUY,150,2,240.0,ENTRY,2,150,240.0,0.0,0.0
plan_2026-04-27_NIFTY_PE_23950.0,nifty_apr_jul_2026_2lots_wide_range,2026-04-27,2026-04-27 09:20:00,NIFTY,PE,23950.0,2026-05-05,SELL,150,2,224.2,STOPLOSS,0,0,240.0,-2370.0,-2370.0
plan_2026-04-28_NIFTY_CE_24000.0,nifty_apr_jul_2026_2lots_wide_range,2026-04-28,2026-04-28 09:16:00,NIFTY,CE,24000.0,2026-05-05,BUY,150,2,272.3,ENTRY,2,150,272.3,0.0,0.0
plan_2026-04-28_NIFTY_CE_24000.0,nifty_apr_jul_2026_2lots_wide_range,2026-04-28,2026-04-28 09:19:00,NIFTY,CE,24000.0,2026-05-05,SELL,75,1,292.0,TARGET_2,1,75,272.3,1477.5,1477.5
plan_2026-04-28_NIFTY_CE_24000.0,nifty_apr_jul_2026_2lots_wide_range,2026-04-28,2026-04-28 09:24:00,NIFTY,CE,24000.0,2026-05-05,SELL,75,1,284.5,STOPLOSS,0,0,272.3,915.0,2392.5
plan_2026-04-29_NIFTY_CE_24050.0,nifty_apr_jul_2026_2lots_wide_range,2026-04-29,2026-04-29 09:16:00,NIFTY,CE,24050.0,2026-05-05,BUY,150,2,223.45,ENTRY,2,150,223.45,0.0,0.0
plan_2026-04-29_NIFTY_CE_24050.0,nifty_apr_jul_2026_2lots_wide_range,2026-04-29,2026-04-29 09:18:00,NIFTY,CE,24050.0,2026-05-05,SELL,150,2,216.2,STOPLOSS,0,0,223.45,-1087.5,-1087.5
plan_2026-04-30_NIFTY_PE_24050.0,nifty_apr_jul_2026_2lots_wide_range,2026-04-30,2026-04-30 09:16:00,NIFTY,PE,24050.0,2026-05-05,BUY,150,2,221.85,ENTRY,2,150,221.85,0.0,0.0
plan_2026-04-30_NIFTY_PE_24050.0,nifty_apr_jul_2026_2lots_wide_range,2026-04-30,2026-04-30 09:17:00,NIFTY,PE,24050.0,2026-05-05,SELL,75,1,234.47,TARGET_2,1,75,221.85,946.5,946.5
plan_2026-04-30_NIFTY_PE_24050.0,nifty_apr_jul_2026_2lots_wide_range,2026-04-30,2026-04-30 09:19:00,NIFTY,PE,24050.0,2026-05-05,SELL,75,1,242.3,TARGET_3,0,0,221.85,1533.75,2480.25
plan_2026-05-04_NIFTY_CE_24050.0,nifty_apr_jul_2026_2lots_wide_range,2026-05-04,2026-05-04 09:40:00,NIFTY,CE,24050.0,2026-05-05,BUY,150,2,295.55,ENTRY,2,150,295.55,0.0,0.0
plan_2026-05-04_NIFTY_CE_24050.0,nifty_apr_jul_2026_2lots_wide_range,2026-05-04,2026-05-04 09:48:00,NIFTY,CE,24050.0,2026-05-05,SELL,150,2,297.1,STOPLOSS,0,0,295.55,232.5,232.5
plan_2026-05-05_NIFTY_CE_23800.0,nifty_apr_jul_2026_2lots_wide_range,2026-05-05,2026-05-05 09:19:00,NIFTY,CE,23800.0,2026-05-05,BUY,150,2,263.05,ENTRY,2,150,263.05,0.0,0.0
plan_2026-05-05_NIFTY_CE_23800.0,nifty_apr_jul_2026_2lots_wide_range,2026-05-05,2026-05-05 09:24:00,NIFTY,CE,23800.0,2026-05-05,SELL,150,2,248.05,STOPLOSS,0,0,263.05,-2250.0,-2250.0
plan_2026-05-04_NIFTY_CE_24050.0,nifty_apr_jul_2026_2lots_wide_range,2026-05-04,2026-05-04 09:40:00,NIFTY,CE,24050.0,2026-05-12,BUY,150,2,422.3,ENTRY,2,150,422.3,0.0,0.0
plan_2026-05-04_NIFTY_CE_24050.0,nifty_apr_jul_2026_2lots_wide_range,2026-05-04,2026-05-04 09:49:00,NIFTY,CE,24050.0,2026-05-12,SELL,150,2,426.5,STOPLOSS,0,0,422.3,630.0,630.0
plan_2026-05-05_NIFTY_CE_24050.0,nifty_apr_jul_2026_2lots_wide_range,2026-05-05,2026-05-05 09:17:00,NIFTY,CE,24050.0,2026-05-12,BUY,150,2,249.6,ENTRY,2,150,249.6,0.0,0.0
plan_2026-05-05_NIFTY_CE_24050.0,nifty_apr_jul_2026_2lots_wide_range,2026-05-05,2026-05-05 09:24:00,NIFTY,CE,24050.0,2026-05-12,SELL,150,2,249.0,STOPLOSS,0,0,249.6,-90.0,-90.0
plan_2026-05-06_NIFTY_PE_24300.0,nifty_apr_jul_2026_2lots_wide_range,2026-05-06,2026-05-06 09:16:00,NIFTY,PE,24300.0,2026-05-12,BUY,150,2,214.45,ENTRY,2,150,214.45,0.0,0.0
plan_2026-05-06_NIFTY_PE_24300.0,nifty_apr_jul_2026_2lots_wide_range,2026-05-06,2026-05-06 09:21:00,NIFTY,PE,24300.0,2026-05-12,SELL,75,1,230.34,TARGET_2,1,75,214.45,1191.75,1191.75
plan_2026-05-06_NIFTY_PE_24300.0,nifty_apr_jul_2026_2lots_wide_range,2026-05-06,2026-05-06 09:22:00,NIFTY,PE,24300.0,2026-05-12,SELL,75,1,240.2,TARGET_3,0,0,214.45,1931.25,3123.0
plan_2026-05-07_NIFTY_PE_24450.0,nifty_apr_jul_2026_2lots_wide_range,2026-05-07,2026-05-07 09:16:00,NIFTY,PE,24450.0,2026-05-12,BUY,150,2,202.65,ENTRY,2,150,202.65,0.0,0.0
plan_2026-05-07_NIFTY_PE_24450.0,nifty_apr_jul_2026_2lots_wide_range,2026-05-07,2026-05-07 09:18:00,NIFTY,PE,24450.0,2026-05-12,SELL,75,1,222.62,TARGET_2,1,75,202.65,1497.75,1497.75
plan_2026-05-07_NIFTY_PE_24450.0,nifty_apr_jul_2026_2lots_wide_range,2026-05-07,2026-05-07 09:19:00,NIFTY,PE,24450.0,2026-05-12,SELL,75,1,235.0,TARGET_3,0,0,202.65,2426.25,3924.0
plan_2026-05-08_NIFTY_CE_24100.0,nifty_apr_jul_2026_2lots_wide_range,2026-05-08,2026-05-08 09:21:00,NIFTY,CE,24100.0,2026-05-12,BUY,150,2,250.05,ENTRY,2,150,250.05,0.0,0.0
plan_2026-05-08_NIFTY_CE_24100.0,nifty_apr_jul_2026_2lots_wide_range,2026-05-08,2026-05-08 09:31:00,NIFTY,CE,24100.0,2026-05-12,SELL,150,2,249.5,STOPLOSS,0,0,250.05,-82.5,-82.5
plan_2026-05-08_NIFTY_PE_24300.0,nifty_apr_jul_2026_2lots_wide_range,2026-05-08,2026-05-08 09:16:00,NIFTY,PE,24300.0,2026-05-12,BUY,150,2,213.05,ENTRY,2,150,213.05,0.0,0.0
plan_2026-05-08_NIFTY_PE_24300.0,nifty_apr_jul_2026_2lots_wide_range,2026-05-08,2026-05-08 09:16:00,NIFTY,PE,24300.0,2026-05-12,SELL,75,1,227.34,TARGET_2,1,75,213.05,1071.75,1071.75
plan_2026-05-08_NIFTY_PE_24300.0,nifty_apr_jul_2026_2lots_wide_range,2026-05-08,2026-05-08 09:20:00,NIFTY,PE,24300.0,2026-05-12,SELL,75,1,205.9,STOPLOSS,0,0,213.05,-536.25,535.5
plan_2026-05-11_NIFTY_PE_24100.0,nifty_apr_jul_2026_2lots_wide_range,2026-05-11,2026-05-11 09:16:00,NIFTY,PE,24100.0,2026-05-12,BUY,150,2,214.7,ENTRY,2,150,214.7,0.0,0.0
plan_2026-05-11_NIFTY_PE_24100.0,nifty_apr_jul_2026_2lots_wide_range,2026-05-11,2026-05-11 09:20:00,NIFTY,PE,24100.0,2026-05-12,SELL,75,1,242.24,TARGET_2,1,75,214.7,2065.5,2065.5
plan_2026-05-11_NIFTY_PE_24100.0,nifty_apr_jul_2026_2lots_wide_range,2026-05-11,2026-05-11 09:24:00,NIFTY,PE,24100.0,2026-05-12,SELL,75,1,232.4,STOPLOSS,0,0,214.7,1327.5,3393.0
plan_2026-05-12_NIFTY_PE_23950.0,nifty_apr_jul_2026_2lots_wide_range,2026-05-12,2026-05-12 09:16:00,NIFTY,PE,23950.0,2026-05-12,BUY,150,2,238.05,ENTRY,2,150,238.05,0.0,0.0
plan_2026-05-12_NIFTY_PE_23950.0,nifty_apr_jul_2026_2lots_wide_range,2026-05-12,2026-05-12 09:19:00,NIFTY,PE,23950.0,2026-05-12,SELL,150,2,229.31,STOPLOSS,0,0,238.05,-1311.0,-1311.0
plan_2026-05-11_NIFTY_PE_24000.0,nifty_apr_jul_2026_2lots_wide_range,2026-05-11,2026-05-11 09:16:00,NIFTY,PE,24000.0,2026-05-19,BUY,150,2,273.9,ENTRY,2,150,273.9,0.0,0.0
plan_2026-05-11_NIFTY_PE_24000.0,nifty_apr_jul_2026_2lots_wide_range,2026-05-11,2026-05-11 09:18:00,NIFTY,PE,24000.0,2026-05-19,SELL,75,1,291.86,TARGET_2,1,75,273.9,1347.0,1347.0
plan_2026-05-11_NIFTY_PE_24000.0,nifty_apr_jul_2026_2lots_wide_range,2026-05-11,2026-05-11 09:21:00,NIFTY,PE,24000.0,2026-05-19,SELL,75,1,303.0,TARGET_3,0,0,273.9,2182.5,3529.5
plan_2026-05-12_NIFTY_PE_23750.0,nifty_apr_jul_2026_2lots_wide_range,2026-05-12,2026-05-12 09:16:00,NIFTY,PE,23750.0,2026-05-19,BUY,150,2,252.1,ENTRY,2,150,252.1,0.0,0.0
plan_2026-05-12_NIFTY_PE_23750.0,nifty_apr_jul_2026_2lots_wide_range,2026-05-12,2026-05-12 09:19:00,NIFTY,PE,23750.0,2026-05-19,SELL,150,2,240.33,STOPLOSS,0,0,252.1,-1765.5,-1765.5
plan_2026-05-13_NIFTY_PE_23450.0,nifty_apr_jul_2026_2lots_wide_range,2026-05-13,2026-05-13 09:21:00,NIFTY,PE,23450.0,2026-05-19,BUY,150,2,234.9,ENTRY,2,150,234.9,0.0,0.0
plan_2026-05-13_NIFTY_PE_23450.0,nifty_apr_jul_2026_2lots_wide_range,2026-05-13,2026-05-13 09:23:00,NIFTY,PE,23450.0,2026-05-19,SELL,150,2,225.5,STOPLOSS,0,0,234.9,-1410.0,-1410.0
plan_2026-05-14_NIFTY_CE_23500.0,nifty_apr_jul_2026_2lots_wide_range,2026-05-14,2026-05-14 09:18:00,NIFTY,CE,23500.0,2026-05-19,BUY,150,2,242.4,ENTRY,2,150,242.4,0.0,0.0
plan_2026-05-14_NIFTY_CE_23500.0,nifty_apr_jul_2026_2lots_wide_range,2026-05-14,2026-05-14 09:29:00,NIFTY,CE,23500.0,2026-05-19,SELL,75,1,257.31,TARGET_2,1,75,242.4,1118.25,1118.25
plan_2026-05-14_NIFTY_CE_23500.0,nifty_apr_jul_2026_2lots_wide_range,2026-05-14,2026-05-14 09:32:00,NIFTY,CE,23500.0,2026-05-19,SELL,75,1,245.55,STOPLOSS,0,0,242.4,236.25,1354.5
plan_2026-05-14_NIFTY_PE_23550.0,nifty_apr_jul_2026_2lots_wide_range,2026-05-14,2026-05-14 09:16:00,NIFTY,PE,23550.0,2026-05-19,BUY,150,2,209.05,ENTRY,2,150,209.05,0.0,0.0
plan_2026-05-14_NIFTY_PE_23550.0,nifty_apr_jul_2026_2lots_wide_range,2026-05-14,2026-05-14 09:20:00,NIFTY,PE,23550.0,2026-05-19,SELL,150,2,186.2,STOPLOSS,0,0,209.05,-3427.5,-3427.5
plan_2026-05-15_NIFTY_CE_23650.0,nifty_apr_jul_2026_2lots_wide_range,2026-05-15,2026-05-15 09:17:00,NIFTY,CE,23650.0,2026-05-19,BUY,150,2,236.9,ENTRY,2,150,236.9,0.0,0.0
plan_2026-05-15_NIFTY_CE_23650.0,nifty_apr_jul_2026_2lots_wide_range,2026-05-15,2026-05-15 09:27:00,NIFTY,CE,23650.0,2026-05-19,SELL,75,1,257.4,TARGET_2,1,75,236.9,1537.5,1537.5
plan_2026-05-15_NIFTY_CE_23650.0,nifty_apr_jul_2026_2lots_wide_range,2026-05-15,2026-05-15 09:30:00,NIFTY,CE,23650.0,2026-05-19,SELL,75,1,245.5,STOPLOSS,0,0,236.9,645.0,2182.5
plan_2026-05-15_NIFTY_PE_23800.0,nifty_apr_jul_2026_2lots_wide_range,2026-05-15,2026-05-15 09:16:00,NIFTY,PE,23800.0,2026-05-19,BUY,150,2,228.05,ENTRY,2,150,228.05,0.0,0.0
plan_2026-05-15_NIFTY_PE_23800.0,nifty_apr_jul_2026_2lots_wide_range,2026-05-15,2026-05-15 09:23:00,NIFTY,PE,23800.0,2026-05-19,SELL,150,2,200.1,STOPLOSS,0,0,228.05,-4192.5,-4192.5
plan_2026-05-18_NIFTY_PE_23550.0,nifty_apr_jul_2026_2lots_wide_range,2026-05-18,2026-05-18 09:16:00,NIFTY,PE,23550.0,2026-05-19,BUY,150,2,207.6,ENTRY,2,150,207.6,0.0,0.0
plan_2026-05-18_NIFTY_PE_23550.0,nifty_apr_jul_2026_2lots_wide_range,2026-05-18,2026-05-18 09:29:00,NIFTY,PE,23550.0,2026-05-19,SELL,75,1,236.78,TARGET_2,1,75,207.6,2188.5,2188.5
plan_2026-05-18_NIFTY_PE_23550.0,nifty_apr_jul_2026_2lots_wide_range,2026-05-18,2026-05-18 09:33:00,NIFTY,PE,23550.0,2026-05-19,SELL,75,1,229.5,STOPLOSS,0,0,207.6,1642.5,3831.0
plan_2026-05-19_NIFTY_CE_23500.0,nifty_apr_jul_2026_2lots_wide_range,2026-05-19,2026-05-19 09:17:00,NIFTY,CE,23500.0,2026-05-19,BUY,150,2,237.35,ENTRY,2,150,237.35,0.0,0.0
plan_2026-05-19_NIFTY_CE_23500.0,nifty_apr_jul_2026_2lots_wide_range,2026-05-19,2026-05-19 09:32:00,NIFTY,CE,23500.0,2026-05-19,SELL,150,2,253.95,STOPLOSS,0,0,237.35,2490.0,2490.0
plan_2026-05-19_NIFTY_PE_23900.0,nifty_apr_jul_2026_2lots_wide_range,2026-05-19,2026-05-19 09:36:00,NIFTY,PE,23900.0,2026-05-19,BUY,150,2,263.5,ENTRY,2,150,263.5,0.0,0.0
plan_2026-05-19_NIFTY_PE_23900.0,nifty_apr_jul_2026_2lots_wide_range,2026-05-19,2026-05-19 09:37:00,NIFTY,PE,23900.0,2026-05-19,SELL,150,2,224.48,STOPLOSS,0,0,263.5,-5853.0,-5853.0
plan_2026-05-18_NIFTY_PE_23500.0,nifty_apr_jul_2026_2lots_wide_range,2026-05-18,2026-05-18 09:16:00,NIFTY,PE,23500.0,2026-05-26,BUY,150,2,313.25,ENTRY,2,150,313.25,0.0,0.0
plan_2026-05-18_NIFTY_PE_23500.0,nifty_apr_jul_2026_2lots_wide_range,2026-05-18,2026-05-18 09:23:00,NIFTY,PE,23500.0,2026-05-26,SELL,150,2,318.7,STOPLOSS,0,0,313.25,817.5,817.5
plan_2026-05-19_NIFTY_CE_23650.0,nifty_apr_jul_2026_2lots_wide_range,2026-05-19,2026-05-19 09:22:00,NIFTY,CE,23650.0,2026-05-26,BUY,150,2,293.1,ENTRY,2,150,293.1,0.0,0.0
plan_2026-05-19_NIFTY_CE_23650.0,nifty_apr_jul_2026_2lots_wide_range,2026-05-19,2026-05-19 09:32:00,NIFTY,CE,23650.0,2026-05-26,SELL,150,2,297.25,STOPLOSS,0,0,293.1,622.5,622.5
plan_2026-05-20_NIFTY_CE_23400.0,nifty_apr_jul_2026_2lots_wide_range,2026-05-20,2026-05-20 09:16:00,NIFTY,CE,23400.0,2026-05-26,BUY,150,2,233.9,ENTRY,2,150,233.9,0.0,0.0
plan_2026-05-20_NIFTY_CE_23400.0,nifty_apr_jul_2026_2lots_wide_range,2026-05-20,2026-05-20 09:18:00,NIFTY,CE,23400.0,2026-05-26,SELL,75,1,250.35,TARGET_2,1,75,233.9,1233.75,1233.75
plan_2026-05-20_NIFTY_CE_23400.0,nifty_apr_jul_2026_2lots_wide_range,2026-05-20,2026-05-20 09:29:00,NIFTY,CE,23400.0,2026-05-26,SELL,75,1,260.55,TARGET_3,0,0,233.9,1998.75,3232.5
plan_2026-05-21_NIFTY_PE_23900.0,nifty_apr_jul_2026_2lots_wide_range,2026-05-21,2026-05-21 09:16:00,NIFTY,PE,23900.0,2026-05-26,BUY,150,2,229.65,ENTRY,2,150,229.65,0.0,0.0
plan_2026-05-21_NIFTY_PE_23900.0,nifty_apr_jul_2026_2lots_wide_range,2026-05-21,2026-05-21 09:17:00,NIFTY,PE,23900.0,2026-05-26,SELL,75,1,240.45,TARGET_2,1,75,229.65,810.0,810.0
plan_2026-05-21_NIFTY_PE_23900.0,nifty_apr_jul_2026_2lots_wide_range,2026-05-21,2026-05-21 09:18:00,NIFTY,PE,23900.0,2026-05-26,SELL,75,1,247.15,TARGET_3,0,0,229.65,1312.5,2122.5
plan_2026-06-05_NIFTY_PE_23500.0,nifty_apr_jul_2026_2lots_wide_range,2026-06-05,2026-06-05 09:29:00,NIFTY,PE,23500.0,2026-07-07,BUY,150,2,380.05,ENTRY,2,150,380.05,0.0,0.0
plan_2026-06-05_NIFTY_PE_23500.0,nifty_apr_jul_2026_2lots_wide_range,2026-06-05,2026-06-05 09:29:00,NIFTY,PE,23500.0,2026-07-07,SELL,75,1,380.0,TARGET_1,1,75,380.05,-3.75,-3.75
plan_2026-06-05_NIFTY_PE_23500.0,nifty_apr_jul_2026_2lots_wide_range,2026-06-05,2026-06-05 09:29:00,NIFTY,PE,23500.0,2026-07-07,SELL,75,1,380.0,TARGET_1,0,0,380.05,-3.75,-7.5
plan_2026-06-11_NIFTY_PE_23200.0,nifty_apr_jul_2026_2lots_wide_range,2026-06-11,2026-06-11 09:16:00,NIFTY,PE,23200.0,2026-07-07,BUY,150,2,388.8,ENTRY,2,150,388.8,0.0,0.0
plan_2026-06-11_NIFTY_PE_23200.0,nifty_apr_jul_2026_2lots_wide_range,2026-06-11,2026-06-11 09:16:00,NIFTY,PE,23200.0,2026-07-07,SELL,75,1,393.45,TARGET_2,1,75,388.8,348.75,348.75
plan_2026-06-11_NIFTY_PE_23200.0,nifty_apr_jul_2026_2lots_wide_range,2026-06-11,2026-06-11 09:16:00,NIFTY,PE,23200.0,2026-07-07,SELL,75,1,396.35,TARGET_3,0,0,388.8,566.25,915.0
plan_2026-06-16_NIFTY_CE_23900.0,nifty_apr_jul_2026_2lots_wide_range,2026-06-16,2026-06-16 09:17:00,NIFTY,CE,23900.0,2026-07-07,BUY,150,2,337.2,ENTRY,2,150,337.2,0.0,0.0
plan_2026-06-16_NIFTY_CE_23900.0,nifty_apr_jul_2026_2lots_wide_range,2026-06-16,2026-06-16 09:18:00,NIFTY,CE,23900.0,2026-07-07,SELL,75,1,341.11,TARGET_2,1,75,337.2,293.25,293.25
plan_2026-06-16_NIFTY_CE_23900.0,nifty_apr_jul_2026_2lots_wide_range,2026-06-16,2026-06-16 09:20:00,NIFTY,CE,23900.0,2026-07-07,SELL,75,1,335.12,STOPLOSS,0,0,337.2,-156.0,137.25
plan_2026-06-17_NIFTY_CE_24000.0,nifty_apr_jul_2026_2lots_wide_range,2026-06-17,2026-06-17 09:32:00,NIFTY,CE,24000.0,2026-07-07,BUY,150,2,315.9,ENTRY,2,150,315.9,0.0,0.0
plan_2026-06-17_NIFTY_CE_24000.0,nifty_apr_jul_2026_2lots_wide_range,2026-06-17,2026-06-17 09:39:00,NIFTY,CE,24000.0,2026-07-07,SELL,75,1,326.85,TARGET_2,1,75,315.9,821.25,821.25
plan_2026-06-17_NIFTY_CE_24000.0,nifty_apr_jul_2026_2lots_wide_range,2026-06-17,2026-06-17 09:44:00,NIFTY,CE,24000.0,2026-07-07,SELL,75,1,333.65,TARGET_3,0,0,315.9,1331.25,2152.5
plan_2026-06-17_NIFTY_PE_24050.0,nifty_apr_jul_2026_2lots_wide_range,2026-06-17,2026-06-17 09:19:00,NIFTY,PE,24050.0,2026-07-07,BUY,150,2,291.85,ENTRY,2,150,291.85,0.0,0.0
plan_2026-06-17_NIFTY_PE_24050.0,nifty_apr_jul_2026_2lots_wide_range,2026-06-17,2026-06-17 09:19:00,NIFTY,PE,24050.0,2026-07-07,SELL,75,1,291.8,TARGET_1,1,75,291.85,-3.75,-3.75
plan_2026-06-17_NIFTY_PE_24050.0,nifty_apr_jul_2026_2lots_wide_range,2026-06-17,2026-06-17 09:19:00,NIFTY,PE,24050.0,2026-07-07,SELL,75,1,291.8,TARGET_1,0,0,291.85,-3.75,-7.5
plan_2026-06-18_NIFTY_CE_24050.0,nifty_apr_jul_2026_2lots_wide_range,2026-06-18,2026-06-18 09:47:00,NIFTY,CE,24050.0,2026-07-07,BUY,150,2,322.9,ENTRY,2,150,322.9,0.0,0.0
plan_2026-06-18_NIFTY_CE_24050.0,nifty_apr_jul_2026_2lots_wide_range,2026-06-18,2026-06-18 09:52:00,NIFTY,CE,24050.0,2026-07-07,SELL,150,2,323.39,STOPLOSS,0,0,322.9,73.5,73.5
plan_2026-06-18_NIFTY_PE_24100.0,nifty_apr_jul_2026_2lots_wide_range,2026-06-18,2026-06-18 09:16:00,NIFTY,PE,24100.0,2026-07-07,BUY,150,2,254.0,ENTRY,2,150,254.0,0.0,0.0
plan_2026-06-18_NIFTY_PE_24100.0,nifty_apr_jul_2026_2lots_wide_range,2026-06-18,2026-06-18 09:18:00,NIFTY,PE,24100.0,2026-07-07,SELL,150,2,249.22,STOPLOSS,0,0,254.0,-717.0,-717.0
plan_2026-06-19_NIFTY_PE_24000.0,nifty_apr_jul_2026_2lots_wide_range,2026-06-19,2026-06-19 09:16:00,NIFTY,PE,24000.0,2026-07-07,BUY,150,2,231.05,ENTRY,2,150,231.05,0.0,0.0
plan_2026-06-19_NIFTY_PE_24000.0,nifty_apr_jul_2026_2lots_wide_range,2026-06-19,2026-06-19 09:16:00,NIFTY,PE,24000.0,2026-07-07,SELL,75,1,243.85,TARGET_2,1,75,231.05,960.0,960.0
plan_2026-06-19_NIFTY_PE_24000.0,nifty_apr_jul_2026_2lots_wide_range,2026-06-19,2026-06-19 09:25:00,NIFTY,PE,24000.0,2026-07-07,SELL,75,1,251.8,TARGET_3,0,0,231.05,1556.25,2516.25
plan_2026-06-22_NIFTY_CE_24100.0,nifty_apr_jul_2026_2lots_wide_range,2026-06-22,2026-06-22 09:16:00,NIFTY,CE,24100.0,2026-07-07,BUY,150,2,270.05,ENTRY,2,150,270.05,0.0,0.0
plan_2026-06-22_NIFTY_CE_24100.0,nifty_apr_jul_2026_2lots_wide_range,2026-06-22,2026-06-22 09:17:00,NIFTY,CE,24100.0,2026-07-07,SELL,75,1,279.64,TARGET_2,1,75,270.05,719.25,719.25
plan_2026-06-22_NIFTY_CE_24100.0,nifty_apr_jul_2026_2lots_wide_range,2026-06-22,2026-06-22 09:20:00,NIFTY,CE,24100.0,2026-07-07,SELL,75,1,273.2,STOPLOSS,0,0,270.05,236.25,955.5
plan_2026-06-23_NIFTY_CE_24050.0,nifty_apr_jul_2026_2lots_wide_range,2026-06-23,2026-06-23 09:38:00,NIFTY,CE,24050.0,2026-07-07,BUY,150,2,270.05,ENTRY,2,150,270.05,0.0,0.0
plan_2026-06-23_NIFTY_CE_24050.0,nifty_apr_jul_2026_2lots_wide_range,2026-06-23,2026-06-23 09:44:00,NIFTY,CE,24050.0,2026-07-07,SELL,150,2,270.47,STOPLOSS,0,0,270.05,63.0,63.0
plan_2026-06-23_NIFTY_PE_24100.0,nifty_apr_jul_2026_2lots_wide_range,2026-06-23,2026-06-23 09:16:00,NIFTY,PE,24100.0,2026-07-07,BUY,150,2,212.9,ENTRY,2,150,212.9,0.0,0.0
plan_2026-06-23_NIFTY_PE_24100.0,nifty_apr_jul_2026_2lots_wide_range,2026-06-23,2026-06-23 09:18:00,NIFTY,PE,24100.0,2026-07-07,SELL,150,2,209.69,STOPLOSS,0,0,212.9,-481.5,-481.5
plan_2026-06-24_NIFTY_CE_23750.0,nifty_apr_jul_2026_2lots_wide_range,2026-06-24,2026-06-24 10:09:00,NIFTY,CE,23750.0,2026-07-07,BUY,150,2,337.55,ENTRY,2,150,337.55,0.0,0.0
plan_2026-06-24_NIFTY_CE_23750.0,nifty_apr_jul_2026_2lots_wide_range,2026-06-24,2026-06-24 10:26:00,NIFTY,CE,23750.0,2026-07-07,SELL,75,1,372.08,TARGET_2,1,75,337.55,2589.75,2589.75
plan_2026-06-24_NIFTY_CE_23750.0,nifty_apr_jul_2026_2lots_wide_range,2026-06-24,2026-06-24 10:32:00,NIFTY,CE,23750.0,2026-07-07,SELL,75,1,374.04,STOPLOSS,0,0,337.55,2736.75,5326.5
plan_2026-06-25_NIFTY_CE_24100.0,nifty_apr_jul_2026_2lots_wide_range,2026-06-25,2026-06-25 09:25:00,NIFTY,CE,24100.0,2026-07-07,BUY,150,2,242.4,ENTRY,2,150,242.4,0.0,0.0
plan_2026-06-25_NIFTY_CE_24100.0,nifty_apr_jul_2026_2lots_wide_range,2026-06-25,2026-06-25 09:28:00,NIFTY,CE,24100.0,2026-07-07,SELL,150,2,238.6,STOPLOSS,0,0,242.4,-570.0,-570.0
plan_2026-06-25_NIFTY_PE_24200.0,nifty_apr_jul_2026_2lots_wide_range,2026-06-25,2026-06-25 09:16:00,NIFTY,PE,24200.0,2026-07-07,BUY,150,2,230.45,ENTRY,2,150,230.45,0.0,0.0
plan_2026-06-25_NIFTY_PE_24200.0,nifty_apr_jul_2026_2lots_wide_range,2026-06-25,2026-06-25 09:20:00,NIFTY,PE,24200.0,2026-07-07,SELL,150,2,224.38,STOPLOSS,0,0,230.45,-910.5,-910.5
plan_2026-06-29_NIFTY_CE_24050.0,nifty_apr_jul_2026_2lots_wide_range,2026-06-29,2026-06-29 09:16:00,NIFTY,CE,24050.0,2026-07-07,BUY,150,2,224.4,ENTRY,2,150,224.4,0.0,0.0
plan_2026-06-29_NIFTY_CE_24050.0,nifty_apr_jul_2026_2lots_wide_range,2026-06-29,2026-06-29 09:23:00,NIFTY,CE,24050.0,2026-07-07,SELL,150,2,224.61,STOPLOSS,0,0,224.4,31.5,31.5
plan_2026-06-29_NIFTY_PE_24150.0,nifty_apr_jul_2026_2lots_wide_range,2026-06-29,2026-06-29 09:31:00,NIFTY,PE,24150.0,2026-07-07,BUY,150,2,227.5,ENTRY,2,150,227.5,0.0,0.0
plan_2026-06-29_NIFTY_PE_24150.0,nifty_apr_jul_2026_2lots_wide_range,2026-06-29,2026-06-29 09:35:00,NIFTY,PE,24150.0,2026-07-07,SELL,75,1,242.41,TARGET_2,1,75,227.5,1118.25,1118.25
plan_2026-06-29_NIFTY_PE_24150.0,nifty_apr_jul_2026_2lots_wide_range,2026-06-29,2026-06-29 09:38:00,NIFTY,PE,24150.0,2026-07-07,SELL,75,1,235.87,STOPLOSS,0,0,227.5,627.75,1746.0
plan_2026-06-30_NIFTY_PE_24100.0,nifty_apr_jul_2026_2lots_wide_range,2026-06-30,2026-06-30 09:16:00,NIFTY,PE,24100.0,2026-07-07,BUY,150,2,236.9,ENTRY,2,150,236.9,0.0,0.0
plan_2026-06-30_NIFTY_PE_24100.0,nifty_apr_jul_2026_2lots_wide_range,2026-06-30,2026-06-30 09:21:00,NIFTY,PE,24100.0,2026-07-07,SELL,75,1,254.86,TARGET_2,1,75,236.9,1347.0,1347.0
plan_2026-06-30_NIFTY_PE_24100.0,nifty_apr_jul_2026_2lots_wide_range,2026-06-30,2026-06-30 09:22:00,NIFTY,PE,24100.0,2026-07-07,SELL,75,1,266.0,TARGET_3,0,0,236.9,2182.5,3529.5
plan_2026-07-01_NIFTY_CE_23850.0,nifty_apr_jul_2026_2lots_wide_range,2026-07-01,2026-07-01 09:19:00,NIFTY,CE,23850.0,2026-07-07,BUY,150,2,231.15,ENTRY,2,150,231.15,0.0,0.0
plan_2026-07-01_NIFTY_CE_23850.0,nifty_apr_jul_2026_2lots_wide_range,2026-07-01,2026-07-01 09:24:00,NIFTY,CE,23850.0,2026-07-07,SELL,150,2,222.9,STOPLOSS,0,0,231.15,-1237.5,-1237.5
plan_2026-06-15_NIFTY_CE_23800.0,nifty_apr_jul_2026_2lots_wide_range,2026-06-15,2026-06-15 09:16:00,NIFTY,CE,23800.0,2026-07-14,BUY,150,2,359.15,ENTRY,2,150,359.15,0.0,0.0
plan_2026-06-15_NIFTY_CE_23800.0,nifty_apr_jul_2026_2lots_wide_range,2026-06-15,2026-06-15 09:16:00,NIFTY,CE,23800.0,2026-07-14,SELL,75,1,359.1,TARGET_1,1,75,359.15,-3.75,-3.75
plan_2026-06-15_NIFTY_CE_23800.0,nifty_apr_jul_2026_2lots_wide_range,2026-06-15,2026-06-15 09:16:00,NIFTY,CE,23800.0,2026-07-14,SELL,75,1,359.1,TARGET_1,0,0,359.15,-3.75,-7.5
plan_2026-06-15_NIFTY_PE_24000.0,nifty_apr_jul_2026_2lots_wide_range,2026-06-15,2026-06-15 09:19:00,NIFTY,PE,24000.0,2026-07-14,BUY,150,2,355.45,ENTRY,2,150,355.45,0.0,0.0
plan_2026-06-15_NIFTY_PE_24000.0,nifty_apr_jul_2026_2lots_wide_range,2026-06-15,2026-06-15 09:24:00,NIFTY,PE,24000.0,2026-07-14,SELL,150,2,347.88,STOPLOSS,0,0,355.45,-1135.5,-1135.5
plan_2026-06-17_NIFTY_CE_24000.0,nifty_apr_jul_2026_2lots_wide_range,2026-06-17,2026-06-17 09:43:00,NIFTY,CE,24000.0,2026-07-14,BUY,150,2,397.35,ENTRY,2,150,397.35,0.0,0.0
plan_2026-06-17_NIFTY_CE_24000.0,nifty_apr_jul_2026_2lots_wide_range,2026-06-17,2026-06-17 09:47:00,NIFTY,CE,24000.0,2026-07-14,SELL,150,2,397.24,STOPLOSS,0,0,397.35,-16.5,-16.5
plan_2026-06-19_NIFTY_PE_24000.0,nifty_apr_jul_2026_2lots_wide_range,2026-06-19,2026-06-19 09:16:00,NIFTY,PE,24000.0,2026-07-14,BUY,150,2,265.05,ENTRY,2,150,265.05,0.0,0.0
plan_2026-06-19_NIFTY_PE_24000.0,nifty_apr_jul_2026_2lots_wide_range,2026-06-19,2026-06-19 09:16:00,NIFTY,PE,24000.0,2026-07-14,SELL,75,1,265.46,TARGET_2,1,75,265.05,30.75,30.75
plan_2026-06-19_NIFTY_PE_24000.0,nifty_apr_jul_2026_2lots_wide_range,2026-06-19,2026-06-19 09:16:00,NIFTY,PE,24000.0,2026-07-14,SELL,75,1,265.75,TARGET_3,0,0,265.05,52.5,83.25
plan_2026-06-22_NIFTY_CE_24100.0,nifty_apr_jul_2026_2lots_wide_range,2026-06-22,2026-06-22 09:16:00,NIFTY,CE,24100.0,2026-07-14,BUY,150,2,344.0,ENTRY,2,150,344.0,0.0,0.0
plan_2026-06-22_NIFTY_CE_24100.0,nifty_apr_jul_2026_2lots_wide_range,2026-06-22,2026-06-22 09:20:00,NIFTY,CE,24100.0,2026-07-14,SELL,150,2,344.98,STOPLOSS,0,0,344.0,147.0,147.0
plan_2026-06-23_NIFTY_CE_24050.0,nifty_apr_jul_2026_2lots_wide_range,2026-06-23,2026-06-23 09:20:00,NIFTY,CE,24050.0,2026-07-14,BUY,150,2,321.05,ENTRY,2,150,321.05,0.0,0.0
plan_2026-06-23_NIFTY_CE_24050.0,nifty_apr_jul_2026_2lots_wide_range,2026-06-23,2026-06-23 09:20:00,NIFTY,CE,24050.0,2026-07-14,SELL,75,1,321.0,TARGET_1,1,75,321.05,-3.75,-3.75
plan_2026-06-23_NIFTY_CE_24050.0,nifty_apr_jul_2026_2lots_wide_range,2026-06-23,2026-06-23 09:20:00,NIFTY,CE,24050.0,2026-07-14,SELL,75,1,321.0,TARGET_1,0,0,321.05,-3.75,-7.5
plan_2026-06-23_NIFTY_PE_24100.0,nifty_apr_jul_2026_2lots_wide_range,2026-06-23,2026-06-23 09:16:00,NIFTY,PE,24100.0,2026-07-14,BUY,150,2,254.7,ENTRY,2,150,254.7,0.0,0.0
plan_2026-06-23_NIFTY_PE_24100.0,nifty_apr_jul_2026_2lots_wide_range,2026-06-23,2026-06-23 09:16:00,NIFTY,PE,24100.0,2026-07-14,SELL,75,1,258.95,TARGET_2,1,75,254.7,318.75,318.75
plan_2026-06-23_NIFTY_PE_24100.0,nifty_apr_jul_2026_2lots_wide_range,2026-06-23,2026-06-23 09:18:00,NIFTY,PE,24100.0,2026-07-14,SELL,75,1,249.7,STOPLOSS,0,0,254.7,-375.0,-56.25
plan_2026-06-24_NIFTY_CE_23750.0,nifty_apr_jul_2026_2lots_wide_range,2026-06-24,2026-06-24 09:16:00,NIFTY,CE,23750.0,2026-07-14,BUY,150,2,391.8,ENTRY,2,150,391.8,0.0,0.0
plan_2026-06-24_NIFTY_CE_23750.0,nifty_apr_jul_2026_2lots_wide_range,2026-06-24,2026-06-24 09:44:00,NIFTY,CE,23750.0,2026-07-14,SELL,150,2,391.88,STOPLOSS,0,0,391.8,12.0,12.0
plan_2026-06-24_NIFTY_PE_23800.0,nifty_apr_jul_2026_2lots_wide_range,2026-06-24,2026-06-24 09:51:00,NIFTY,PE,23800.0,2026-07-14,BUY,150,2,258.9,ENTRY,2,150,258.9,0.0,0.0
plan_2026-06-24_NIFTY_PE_23800.0,nifty_apr_jul_2026_2lots_wide_range,2026-06-24,2026-06-24 09:55:00,NIFTY,PE,23800.0,2026-07-14,SELL,150,2,255.6,STOPLOSS,0,0,258.9,-495.0,-495.0
plan_2026-06-25_NIFTY_CE_24100.0,nifty_apr_jul_2026_2lots_wide_range,2026-06-25,2026-06-25 09:25:00,NIFTY,CE,24100.0,2026-07-14,BUY,150,2,312.55,ENTRY,2,150,312.55,0.0,0.0
plan_2026-06-25_NIFTY_CE_24100.0,nifty_apr_jul_2026_2lots_wide_range,2026-06-25,2026-06-25 09:25:00,NIFTY,CE,24100.0,2026-07-14,SELL,75,1,315.74,TARGET_2,1,75,312.55,239.25,239.25
plan_2026-06-25_NIFTY_CE_24100.0,nifty_apr_jul_2026_2lots_wide_range,2026-06-25,2026-06-25 09:25:00,NIFTY,CE,24100.0,2026-07-14,SELL,75,1,317.75,TARGET_3,0,0,312.55,390.0,629.25
plan_2026-06-29_NIFTY_CE_24050.0,nifty_apr_jul_2026_2lots_wide_range,2026-06-29,2026-06-29 09:16:00,NIFTY,CE,24050.0,2026-07-14,BUY,150,2,303.1,ENTRY,2,150,303.1,0.0,0.0
plan_2026-06-29_NIFTY_CE_24050.0,nifty_apr_jul_2026_2lots_wide_range,2026-06-29,2026-06-29 09:23:00,NIFTY,CE,24050.0,2026-07-14,SELL,150,2,306.3,STOPLOSS,0,0,303.1,480.0,480.0
plan_2026-06-29_NIFTY_PE_24100.0,nifty_apr_jul_2026_2lots_wide_range,2026-06-29,2026-06-29 09:32:00,NIFTY,PE,24100.0,2026-07-14,BUY,150,2,256.55,ENTRY,2,150,256.55,0.0,0.0
plan_2026-06-29_NIFTY_PE_24100.0,nifty_apr_jul_2026_2lots_wide_range,2026-06-29,2026-06-29 09:35:00,NIFTY,PE,24100.0,2026-07-14,SELL,75,1,270.81,TARGET_2,1,75,256.55,1069.5,1069.5
plan_2026-06-29_NIFTY_PE_24100.0,nifty_apr_jul_2026_2lots_wide_range,2026-06-29,2026-06-29 09:38:00,NIFTY,PE,24100.0,2026-07-14,SELL,75,1,265.89,STOPLOSS,0,0,256.55,700.5,1770.0
plan_2026-06-30_NIFTY_PE_24050.0,nifty_apr_jul_2026_2lots_wide_range,2026-06-30,2026-06-30 09:16:00,NIFTY,PE,24050.0,2026-07-14,BUY,150,2,243.3,ENTRY,2,150,243.3,0.0,0.0
plan_2026-06-30_NIFTY_PE_24050.0,nifty_apr_jul_2026_2lots_wide_range,2026-06-30,2026-06-30 09:16:00,NIFTY,PE,24050.0,2026-07-14,SELL,75,1,244.02,TARGET_2,1,75,243.3,54.0,54.0
plan_2026-06-30_NIFTY_PE_24050.0,nifty_apr_jul_2026_2lots_wide_range,2026-06-30,2026-06-30 09:16:00,NIFTY,PE,24050.0,2026-07-14,SELL,75,1,244.5,TARGET_3,0,0,243.3,90.0,144.0
plan_2026-07-01_NIFTY_CE_23850.0,nifty_apr_jul_2026_2lots_wide_range,2026-07-01,2026-07-01 09:18:00,NIFTY,CE,23850.0,2026-07-14,BUY,150,2,314.7,ENTRY,2,150,314.7,0.0,0.0
plan_2026-07-01_NIFTY_CE_23850.0,nifty_apr_jul_2026_2lots_wide_range,2026-07-01,2026-07-01 09:24:00,NIFTY,CE,23850.0,2026-07-14,SELL,150,2,309.5,STOPLOSS,0,0,314.7,-780.0,-780.0
