plan_id,test_name,instrument,trading_day,expiry,symbol,option_type,strike,selected_premium,planned_entry,planned_stop_loss,planned_targets,target_lots,final_status
plan_2026-04-02_NIFTY_CE_22350.0,nifty_apr_jul_2026_2lots_wide_range,NIFTY,2026-04-02,2026-04-07,NIFTY,CE,22350.0,248.5,312.9,277.24,330.46;352.87;377.6,0;1;1,NOT_ENTERED
plan_2026-04-02_NIFTY_PE_22400.0,nifty_apr_jul_2026_2lots_wide_range,NIFTY,2026-04-02,2026-04-07,NIFTY,PE,22400.0,371.8,373.75,326.59,397.0;426.63;459.35,0;1;1,STOPLOSS
plan_2026-04-06_NIFTY_CE_22700.0,nifty_apr_jul_2026_2lots_wide_range,NIFTY,2026-04-06,2026-04-07,NIFTY,CE,22700.0,210.4,240.95,206.25,250.19;262.0;275.05,0;1;1,NOT_ENTERED
plan_2026-04-06_NIFTY_PE_22800.0,nifty_apr_jul_2026_2lots_wide_range,NIFTY,2026-04-06,2026-04-07,NIFTY,PE,22800.0,281.45,297.05,272.25,309.24;324.81;342.0,0;1;1,STOPLOSS
plan_2026-04-07_NIFTY_CE_22550.0,nifty_apr_jul_2026_2lots_wide_range,NIFTY,2026-04-07,2026-04-07,NIFTY,CE,22550.0,234.9,378.9,283.4,426.06;486.1;552.4,0;1;1,STOPLOSS
plan_2026-04-07_NIFTY_PE_22950.0,nifty_apr_jul_2026_2lots_wide_range,NIFTY,2026-04-07,2026-04-07,NIFTY,PE,22950.0,237.35,261.25,228.64,277.3;297.79;320.4,0;1;1,NOT_ENTERED
plan_2026-04-06_NIFTY_CE_22750.0,nifty_apr_jul_2026_2lots_wide_range,NIFTY,2026-04-06,2026-04-13,NIFTY,CE,22750.0,382.7,406.75,374.2,415.4;426.48;438.7,0;1;1,STOPLOSS
plan_2026-04-07_NIFTY_CE_22800.0,nifty_apr_jul_2026_2lots_wide_range,NIFTY,2026-04-07,2026-04-13,NIFTY,CE,22800.0,370.0,385.65,360.99,397.77;413.26;430.35,0;1;1,TRAILING_SL
plan_2026-04-08_NIFTY_CE_23850.0,nifty_apr_jul_2026_2lots_wide_range,NIFTY,2026-04-08,2026-04-13,NIFTY,CE,23850.0,252.0,285.95,238.68,309.25;338.96;371.75,0;1;1,STOPLOSS
plan_2026-04-08_NIFTY_PE_23900.0,nifty_apr_jul_2026_2lots_wide_range,NIFTY,2026-04-08,2026-04-13,NIFTY,PE,23900.0,291.25,320.05,296.41,331.67;346.51;362.9,0;1;1,NOT_ENTERED
plan_2026-04-09_NIFTY_CE_23800.0,nifty_apr_jul_2026_2lots_wide_range,NIFTY,2026-04-09,2026-04-13,NIFTY,CE,23800.0,219.85,284.05,247.53,302.03;324.97;350.3,0;1;1,TRAILING_SL
plan_2026-04-09_NIFTY_PE_23950.0,nifty_apr_jul_2026_2lots_wide_range,NIFTY,2026-04-09,2026-04-13,NIFTY,PE,23950.0,249.1,253.6,214.4,264.06;277.44;292.2,0;1;1,COMPLETED
plan_2026-04-10_NIFTY_CE_23800.0,nifty_apr_jul_2026_2lots_wide_range,NIFTY,2026-04-10,2026-04-13,NIFTY,CE,23800.0,228.4,240.25,211.45,247.88;257.66;268.45,0;1;1,TRAILING_SL
plan_2026-04-10_NIFTY_PE_24000.0,nifty_apr_jul_2026_2lots_wide_range,NIFTY,2026-04-10,2026-04-13,NIFTY,PE,24000.0,221.25,262.2,234.79,275.68;292.9;311.9,0;1;1,NOT_ENTERED
plan_2026-04-13_NIFTY_CE_23450.0,nifty_apr_jul_2026_2lots_wide_range,NIFTY,2026-04-13,2026-04-13,NIFTY,CE,23450.0,230.0,310.65,266.27,332.52;360.41;391.2,0;1;1,NOT_ENTERED
plan_2026-04-13_NIFTY_PE_23850.0,nifty_apr_jul_2026_2lots_wide_range,NIFTY,2026-04-13,2026-04-13,NIFTY,PE,23850.0,226.75,226.8,196.86,241.53;260.34;281.1,0;1;1,COMPLETED
plan_2026-04-13_NIFTY_CE_23550.0,nifty_apr_jul_2026_2lots_wide_range,NIFTY,2026-04-13,2026-04-21,NIFTY,CE,23550.0,395.05,410.85,386.3,422.92;438.33;455.35,0;1;1,TRAILING_SL
plan_2026-04-13_NIFTY_PE_23600.0,nifty_apr_jul_2026_2lots_wide_range,NIFTY,2026-04-13,2026-04-21,NIFTY,PE,23600.0,282.25,282.3,258.3,294.1;309.16;325.8,0;1;1,TRAILING_SL
plan_2026-04-15_NIFTY_CE_24150.0,nifty_apr_jul_2026_2lots_wide_range,NIFTY,2026-04-15,2026-04-21,NIFTY,CE,24150.0,280.55,325.8,292.86,342.02;362.71;385.55,0;1;1,NOT_ENTERED
plan_2026-04-15_NIFTY_PE_24250.0,nifty_apr_jul_2026_2lots_wide_range,NIFTY,2026-04-15,2026-04-21,NIFTY,PE,24250.0,216.4,260.4,230.27,275.23;294.15;315.05,0;1;1,TRAILING_SL
plan_2026-04-16_NIFTY_CE_24300.0,nifty_apr_jul_2026_2lots_wide_range,NIFTY,2026-04-16,2026-04-21,NIFTY,CE,24300.0,215.85,227.05,202.8,233.45;241.65;250.7,0;1;1,TRAILING_SL
plan_2026-04-16_NIFTY_PE_24400.0,nifty_apr_jul_2026_2lots_wide_range,NIFTY,2026-04-16,2026-04-21,NIFTY,PE,24400.0,230.55,244.3,216.55,251.65;261.06;271.45,0;1;1,TRAILING_SL
plan_2026-04-17_NIFTY_CE_24100.0,nifty_apr_jul_2026_2lots_wide_range,NIFTY,2026-04-17,2026-04-21,NIFTY,CE,24100.0,204.0,204.05,178.75,216.48;232.37;249.9,0;1;1,TRAILING_SL
plan_2026-04-17_NIFTY_PE_24200.0,nifty_apr_jul_2026_2lots_wide_range,NIFTY,2026-04-17,2026-04-21,NIFTY,PE,24200.0,200.9,239.65,200.4,250.13;263.52;278.3,0;1;1,NOT_ENTERED
plan_2026-04-20_NIFTY_CE_24150.0,nifty_apr_jul_2026_2lots_wide_range,NIFTY,2026-04-20,2026-04-21,NIFTY,CE,24150.0,219.3,293.85,248.26,316.32;344.97;376.6,0;1;1,STOPLOSS
plan_2026-04-20_NIFTY_PE_24400.0,nifty_apr_jul_2026_2lots_wide_range,NIFTY,2026-04-20,2026-04-21,NIFTY,PE,24400.0,204.9,212.6,168.77,234.2;261.74;292.15,0;1;1,STOPLOSS
plan_2026-04-21_NIFTY_CE_24200.0,nifty_apr_jul_2026_2lots_wide_range,NIFTY,2026-04-21,2026-04-21,NIFTY,CE,24200.0,236.0,236.05,203.74,251.95;272.25;294.65,0;1;1,TRAILING_SL
plan_2026-04-21_NIFTY_PE_24650.0,nifty_apr_jul_2026_2lots_wide_range,NIFTY,2026-04-21,2026-04-21,NIFTY,PE,24650.0,240.0,308.6,270.85,327.2;350.91;377.1,0;1;1,NOT_ENTERED
plan_2026-04-20_NIFTY_CE_24350.0,nifty_apr_jul_2026_2lots_wide_range,NIFTY,2026-04-20,2026-04-28,NIFTY,CE,24350.0,248.7,317.15,277.94,336.47;361.1;388.3,0;1;1,TRAILING_SL
plan_2026-04-20_NIFTY_PE_24400.0,nifty_apr_jul_2026_2lots_wide_range,NIFTY,2026-04-20,2026-04-28,NIFTY,PE,24400.0,326.45,335.25,294.17,355.49;381.3;409.8,0;1;1,STOPLOSS
plan_2026-04-21_NIFTY_CE_24350.0,nifty_apr_jul_2026_2lots_wide_range,NIFTY,2026-04-21,2026-04-28,NIFTY,CE,24350.0,309.0,309.05,278.1,317.27;327.79;339.4,0;1;1,TRAILING_SL
plan_2026-04-21_NIFTY_PE_24400.0,nifty_apr_jul_2026_2lots_wide_range,NIFTY,2026-04-21,2026-04-28,NIFTY,PE,24400.0,254.6,300.1,274.72,312.58;328.51;346.1,0;1;1,NOT_ENTERED
plan_2026-04-22_NIFTY_CE_24450.0,nifty_apr_jul_2026_2lots_wide_range,NIFTY,2026-04-22,2026-04-28,NIFTY,CE,24450.0,245.05,260.05,235.88,271.93;287.1;303.85,0;1;1,NOT_ENTERED
plan_2026-04-22_NIFTY_PE_24500.0,nifty_apr_jul_2026_2lots_wide_range,NIFTY,2026-04-22,2026-04-28,NIFTY,PE,24500.0,246.7,272.2,236.8,281.63;293.69;307.0,0;1;1,STOPLOSS
plan_2026-04-23_NIFTY_CE_24150.0,nifty_apr_jul_2026_2lots_wide_range,NIFTY,2026-04-23,2026-04-28,NIFTY,CE,24150.0,205.7,244.95,216.25,259.07;277.1;297.0,0;1;1,STOPLOSS
plan_2026-04-23_NIFTY_PE_24250.0,nifty_apr_jul_2026_2lots_wide_range,NIFTY,2026-04-23,2026-04-28,NIFTY,PE,24250.0,276.5,283.05,248.2,292.33;304.2;317.3,0;1;1,STOPLOSS
plan_2026-04-24_NIFTY_CE_24100.0,nifty_apr_jul_2026_2lots_wide_range,NIFTY,2026-04-24,2026-04-28,NIFTY,CE,24100.0,213.05,253.45,220.9,269.48;289.92;312.5,0;1;1,NOT_ENTERED
plan_2026-04-24_NIFTY_PE_24250.0,nifty_apr_jul_2026_2lots_wide_range,NIFTY,2026-04-24,2026-04-28,NIFTY,PE,24250.0,213.5,251.05,207.72,272.41;299.64;329.7,0;1;1,COMPLETED
plan_2026-04-27_NIFTY_CE_23900.0,nifty_apr_jul_2026_2lots_wide_range,NIFTY,2026-04-27,2026-04-28,NIFTY,CE,23900.0,227.75,247.75,209.3,258.01;271.12;285.6,0;1;1,TRAILING_SL
plan_2026-04-27_NIFTY_PE_24200.0,nifty_apr_jul_2026_2lots_wide_range,NIFTY,2026-04-27,2026-04-28,NIFTY,PE,24200.0,208.7,243.3,203.1,254.03;267.75;282.9,0;1;1,NOT_ENTERED
plan_2026-04-28_NIFTY_CE_23800.0,nifty_apr_jul_2026_2lots_wide_range,NIFTY,2026-04-28,2026-04-28,NIFTY,CE,23800.0,226.7,244.05,216.28,257.71;275.15;294.4,0;1;1,COMPLETED
plan_2026-04-28_NIFTY_PE_24250.0,nifty_apr_jul_2026_2lots_wide_range,NIFTY,2026-04-28,2026-04-28,NIFTY,PE,24250.0,233.7,268.05,242.92,280.4;296.18;313.6,0;1;1,NOT_ENTERED
plan_2026-04-27_NIFTY_CE_23900.0,nifty_apr_jul_2026_2lots_wide_range,NIFTY,2026-04-27,2026-05-05,NIFTY,CE,23900.0,397.0,417.0,380.9,426.62;438.92;452.5,0;1;1,NOT_ENTERED
plan_2026-04-27_NIFTY_PE_23950.0,nifty_apr_jul_2026_2lots_wide_range,NIFTY,2026-04-27,2026-05-05,NIFTY,PE,23950.0,222.95,240.0,218.25,245.72;253.05;261.15,0;1;1,STOPLOSS
plan_2026-04-28_NIFTY_CE_24000.0,nifty_apr_jul_2026_2lots_wide_range,NIFTY,2026-04-28,2026-05-05,NIFTY,CE,24000.0,253.75,272.3,239.8,280.94;292.0;304.2,0;1;1,TRAILING_SL
plan_2026-04-28_NIFTY_PE_24050.0,nifty_apr_jul_2026_2lots_wide_range,NIFTY,2026-04-28,2026-05-05,NIFTY,PE,24050.0,241.9,255.75,238.5,260.24;266.02;272.4,0;1;1,NOT_ENTERED
plan_2026-04-29_NIFTY_CE_24050.0,nifty_apr_jul_2026_2lots_wide_range,NIFTY,2026-04-29,2026-05-05,NIFTY,CE,24050.0,221.5,223.45,204.55,228.39;234.74;241.75,0;1;1,STOPLOSS
plan_2026-04-29_NIFTY_PE_24150.0,nifty_apr_jul_2026_2lots_wide_range,NIFTY,2026-04-29,2026-05-05,NIFTY,PE,24150.0,213.8,247.35,212.15,256.72;268.71;281.95,0;1;1,NOT_ENTERED
plan_2026-04-30_NIFTY_CE_23900.0,nifty_apr_jul_2026_2lots_wide_range,NIFTY,2026-04-30,2026-05-05,NIFTY,CE,23900.0,221.0,242.9,213.35,250.74;260.77;271.85,0;1;1,NOT_ENTERED
plan_2026-04-30_NIFTY_PE_24050.0,nifty_apr_jul_2026_2lots_wide_range,NIFTY,2026-04-30,2026-05-05,NIFTY,PE,24050.0,215.85,221.85,200.8,227.38;234.47;242.3,0;1;1,COMPLETED
plan_2026-05-04_NIFTY_CE_24050.0,nifty_apr_jul_2026_2lots_wide_range,NIFTY,2026-05-04,2026-05-05,NIFTY,CE,24050.0,260.2,295.55,246.41,319.78;350.66;384.75,0;1;1,TRAILING_SL
plan_2026-05-04_NIFTY_PE_24400.0,nifty_apr_jul_2026_2lots_wide_range,NIFTY,2026-05-04,2026-05-05,NIFTY,PE,24400.0,218.0,298.65,239.64,327.76;364.85;405.8,0;1;1,NOT_ENTERED
plan_2026-05-05_NIFTY_CE_23800.0,nifty_apr_jul_2026_2lots_wide_range,NIFTY,2026-05-05,2026-05-05,NIFTY,CE,23800.0,213.15,263.05,207.18,290.61;325.73;364.5,0;1;1,STOPLOSS
plan_2026-05-05_NIFTY_PE_24200.0,nifty_apr_jul_2026_2lots_wide_range,NIFTY,2026-05-05,2026-05-05,NIFTY,PE,24200.0,212.8,261.5,230.29,276.86;296.46;318.1,0;1;1,NOT_ENTERED
plan_2026-05-04_NIFTY_CE_24050.0,nifty_apr_jul_2026_2lots_wide_range,NIFTY,2026-05-04,2026-05-12,NIFTY,CE,24050.0,396.65,422.3,389.72,438.34;458.8;481.4,0;1;1,TRAILING_SL
plan_2026-05-04_NIFTY_PE_24100.0,nifty_apr_jul_2026_2lots_wide_range,NIFTY,2026-05-04,2026-05-12,NIFTY,PE,24100.0,200.0,244.2,207.49,262.28;285.34;310.8,0;1;1,NOT_ENTERED
plan_2026-05-05_NIFTY_CE_24050.0,nifty_apr_jul_2026_2lots_wide_range,NIFTY,2026-05-05,2026-05-12,NIFTY,CE,24050.0,232.75,249.6,226.39,261.0;275.57;291.65,0;1;1,STOPLOSS
plan_2026-05-05_NIFTY_PE_24100.0,nifty_apr_jul_2026_2lots_wide_range,NIFTY,2026-05-05,2026-05-12,NIFTY,PE,24100.0,292.1,321.35,290.33,336.61;356.09;377.6,0;1;1,NOT_ENTERED
plan_2026-05-06_NIFTY_CE_24150.0,nifty_apr_jul_2026_2lots_wide_range,NIFTY,2026-05-06,2026-05-12,NIFTY,CE,24150.0,249.3,267.7,232.3,277.13;289.19;302.5,0;1;1,NOT_ENTERED
plan_2026-05-06_NIFTY_PE_24300.0,nifty_apr_jul_2026_2lots_wide_range,NIFTY,2026-05-06,2026-05-12,NIFTY,PE,24300.0,206.4,214.45,188.1,221.42;230.34;240.2,0;1;1,COMPLETED
plan_2026-05-07_NIFTY_CE_24300.0,nifty_apr_jul_2026_2lots_wide_range,NIFTY,2026-05-07,2026-05-12,NIFTY,CE,24300.0,229.1,275.1,249.25,287.81;304.03;321.95,0;1;1,NOT_ENTERED
plan_2026-05-07_NIFTY_PE_24450.0,nifty_apr_jul_2026_2lots_wide_range,NIFTY,2026-05-07,2026-05-12,NIFTY,PE,24450.0,201.5,202.65,169.7,211.41;222.62;235.0,0;1;1,COMPLETED
plan_2026-05-08_NIFTY_CE_24100.0,nifty_apr_jul_2026_2lots_wide_range,NIFTY,2026-05-08,2026-05-12,NIFTY,CE,24100.0,221.4,250.05,227.4,261.18;275.4;291.1,0;1;1,STOPLOSS
plan_2026-05-08_NIFTY_PE_24300.0,nifty_apr_jul_2026_2lots_wide_range,NIFTY,2026-05-08,2026-05-12,NIFTY,PE,24300.0,209.45,213.05,189.3,219.31;227.34;236.2,0;1;1,STOPLOSS
plan_2026-05-11_NIFTY_CE_23800.0,nifty_apr_jul_2026_2lots_wide_range,NIFTY,2026-05-11,2026-05-12,NIFTY,CE,23800.0,223.95,245.1,210.75,254.24;265.94;278.85,0;1;1,NOT_ENTERED
plan_2026-05-11_NIFTY_PE_24100.0,nifty_apr_jul_2026_2lots_wide_range,NIFTY,2026-05-11,2026-05-12,NIFTY,PE,24100.0,211.7,214.7,190.09,226.79;242.24;259.3,0;1;1,TRAILING_SL
plan_2026-05-12_NIFTY_CE_23500.0,nifty_apr_jul_2026_2lots_wide_range,NIFTY,2026-05-12,2026-05-12,NIFTY,CE,23500.0,236.8,264.85,232.95,273.33;284.17;296.15,0;1;1,NOT_ENTERED
plan_2026-05-12_NIFTY_PE_23950.0,nifty_apr_jul_2026_2lots_wide_range,NIFTY,2026-05-12,2026-05-12,NIFTY,PE,23950.0,231.1,238.05,204.5,246.98;258.39;271.0,0;1;1,STOPLOSS
plan_2026-05-11_NIFTY_CE_23950.0,nifty_apr_jul_2026_2lots_wide_range,NIFTY,2026-05-11,2026-05-19,NIFTY,CE,23950.0,274.3,413.1,325.85,456.18;511.03;571.6,0;1;1,NOT_ENTERED
plan_2026-05-11_NIFTY_PE_24000.0,nifty_apr_jul_2026_2lots_wide_range,NIFTY,2026-05-11,2026-05-19,NIFTY,PE,24000.0,272.85,273.9,244.2,281.78;291.86;303.0,0;1;1,COMPLETED
plan_2026-05-12_NIFTY_CE_23700.0,nifty_apr_jul_2026_2lots_wide_range,NIFTY,2026-05-12,2026-05-19,NIFTY,CE,23700.0,263.65,304.4,280.15,316.32;331.54;348.35,0;1;1,NOT_ENTERED
plan_2026-05-12_NIFTY_PE_23750.0,nifty_apr_jul_2026_2lots_wide_range,NIFTY,2026-05-12,2026-05-19,NIFTY,PE,23750.0,246.0,252.1,228.92,263.49;278.04;294.1,0;1;1,STOPLOSS
plan_2026-05-13_NIFTY_CE_23350.0,nifty_apr_jul_2026_2lots_wide_range,NIFTY,2026-05-13,2026-05-19,NIFTY,CE,23350.0,300.8,336.8,300.06,354.89;377.97;403.45,0;1;1,NOT_ENTERED
plan_2026-05-13_NIFTY_PE_23450.0,nifty_apr_jul_2026_2lots_wide_range,NIFTY,2026-05-13,2026-05-19,NIFTY,PE,23450.0,217.95,234.9,209.14,247.57;263.74;281.6,0;1;1,STOPLOSS
plan_2026-05-14_NIFTY_CE_23500.0,nifty_apr_jul_2026_2lots_wide_range,NIFTY,2026-05-14,2026-05-19,NIFTY,CE,23500.0,225.55,242.4,217.65,248.93;257.31;266.55,0;1;1,TRAILING_SL
plan_2026-05-14_NIFTY_PE_23550.0,nifty_apr_jul_2026_2lots_wide_range,NIFTY,2026-05-14,2026-05-19,NIFTY,PE,23550.0,205.45,209.05,179.5,216.89;226.92;238.0,0;1;1,STOPLOSS
plan_2026-05-15_NIFTY_CE_23650.0,nifty_apr_jul_2026_2lots_wide_range,NIFTY,2026-05-15,2026-05-19,NIFTY,CE,23650.0,206.3,236.9,203.1,245.89;257.4;270.1,0;1;1,TRAILING_SL
plan_2026-05-15_NIFTY_PE_23800.0,nifty_apr_jul_2026_2lots_wide_range,NIFTY,2026-05-15,2026-05-19,NIFTY,PE,23800.0,221.7,228.05,194.75,244.44;265.36;288.45,0;1;1,STOPLOSS
plan_2026-05-18_NIFTY_CE_23300.0,nifty_apr_jul_2026_2lots_wide_range,NIFTY,2026-05-18,2026-05-19,NIFTY,CE,23300.0,213.6,301.05,251.22,325.62;356.93;391.5,0;1;1,NOT_ENTERED
plan_2026-05-18_NIFTY_PE_23550.0,nifty_apr_jul_2026_2lots_wide_range,NIFTY,2026-05-18,2026-05-19,NIFTY,PE,23550.0,207.2,207.6,181.53,220.42;236.78;254.85,0;1;1,TRAILING_SL
plan_2026-05-19_NIFTY_CE_23500.0,nifty_apr_jul_2026_2lots_wide_range,NIFTY,2026-05-19,2026-05-19,NIFTY,CE,23500.0,224.55,237.35,206.88,252.34;271.48;292.6,0;1;1,TRAILING_SL
plan_2026-05-19_NIFTY_PE_23900.0,nifty_apr_jul_2026_2lots_wide_range,NIFTY,2026-05-19,2026-05-19,NIFTY,PE,23900.0,206.75,263.5,224.48,282.72;307.24;334.3,0;1;1,STOPLOSS
plan_2026-05-18_NIFTY_CE_23450.0,nifty_apr_jul_2026_2lots_wide_range,NIFTY,2026-05-18,2026-05-26,NIFTY,CE,23450.0,288.05,303.05,287.5,307.08;312.27;318.0,0;1;1,NOT_ENTERED
plan_2026-05-18_NIFTY_PE_23500.0,nifty_apr_jul_2026_2lots_wide_range,NIFTY,2026-05-18,2026-05-26,NIFTY,PE,23500.0,310.1,313.25,286.69,326.31;342.99;361.4,0;1;1,TRAILING_SL
plan_2026-05-19_NIFTY_CE_23650.0,nifty_apr_jul_2026_2lots_wide_range,NIFTY,2026-05-19,2026-05-26,NIFTY,CE,23650.0,285.0,293.1,270.35,299.09;306.77;315.25,0;1;1,TRAILING_SL
plan_2026-05-19_NIFTY_PE_23700.0,nifty_apr_jul_2026_2lots_wide_range,NIFTY,2026-05-19,2026-05-26,NIFTY,PE,23700.0,253.75,291.15,267.39,302.82;317.74;334.2,0;1;1,NOT_ENTERED
plan_2026-05-20_NIFTY_CE_23400.0,nifty_apr_jul_2026_2lots_wide_range,NIFTY,2026-05-20,2026-05-26,NIFTY,CE,23400.0,225.25,233.9,206.65,241.11;250.35;260.55,0;1;1,COMPLETED
plan_2026-05-20_NIFTY_PE_23500.0,nifty_apr_jul_2026_2lots_wide_range,NIFTY,2026-05-20,2026-05-26,NIFTY,PE,23500.0,264.75,279.65,251.2,287.19;296.84;307.5,0;1;1,NOT_ENTERED
plan_2026-05-21_NIFTY_CE_23750.0,nifty_apr_jul_2026_2lots_wide_range,NIFTY,2026-05-21,2026-05-26,NIFTY,CE,23750.0,218.9,226.2,209.5,230.54;236.13;242.3,0;1;1,NOT_ENTERED
plan_2026-05-21_NIFTY_PE_23900.0,nifty_apr_jul_2026_2lots_wide_range,NIFTY,2026-05-21,2026-05-26,NIFTY,PE,23900.0,217.95,229.65,211.55,234.37;240.45;247.15,0;1;1,COMPLETED
plan_2026-06-05_NIFTY_PE_23500.0,nifty_apr_jul_2026_2lots_wide_range,NIFTY,2026-06-05,2026-07-07,NIFTY,PE,23500.0,380.0,380.05,379.5,380.0;380.0;380.0,0;1;1,COMPLETED
plan_2026-06-10_NIFTY_PE_23250.0,nifty_apr_jul_2026_2lots_wide_range,NIFTY,2026-06-10,2026-07-07,NIFTY,PE,23250.0,333.7,333.75,333.2,333.7;333.7;333.7,0;1;1,NOT_ENTERED
plan_2026-06-11_NIFTY_PE_23200.0,nifty_apr_jul_2026_2lots_wide_range,NIFTY,2026-06-11,2026-07-07,NIFTY,PE,23200.0,381.15,388.8,380.65,390.82;393.45;396.35,0;1;1,COMPLETED
plan_2026-06-15_NIFTY_PE_24000.0,nifty_apr_jul_2026_2lots_wide_range,NIFTY,2026-06-15,2026-07-07,NIFTY,PE,24000.0,308.9,421.6,359.32,452.33;491.48;534.7,0;1;1,NOT_ENTERED
plan_2026-06-16_NIFTY_CE_23900.0,nifty_apr_jul_2026_2lots_wide_range,NIFTY,2026-06-16,2026-07-07,NIFTY,CE,23900.0,337.15,337.2,330.25,338.89;341.11;343.55,0;1;1,STOPLOSS
plan_2026-06-16_NIFTY_PE_24000.0,nifty_apr_jul_2026_2lots_wide_range,NIFTY,2026-06-16,2026-07-07,NIFTY,PE,24000.0,305.65,315.6,305.15,318.24;321.67;325.45,0;1;1,NOT_ENTERED
plan_2026-06-17_NIFTY_CE_24000.0,nifty_apr_jul_2026_2lots_wide_range,NIFTY,2026-06-17,2026-07-07,NIFTY,CE,24000.0,309.25,315.9,297.55,320.69;326.85;333.65,0;1;1,COMPLETED
plan_2026-06-17_NIFTY_PE_24050.0,nifty_apr_jul_2026_2lots_wide_range,NIFTY,2026-06-17,2026-07-07,NIFTY,PE,24050.0,291.8,291.85,291.3,291.8;291.8;291.8,0;1;1,COMPLETED
plan_2026-06-18_NIFTY_CE_24050.0,nifty_apr_jul_2026_2lots_wide_range,NIFTY,2026-06-18,2026-07-07,NIFTY,CE,24050.0,309.5,322.9,309.0,326.48;331.1;336.2,0;1;1,TRAILING_SL
plan_2026-06-18_NIFTY_PE_24100.0,nifty_apr_jul_2026_2lots_wide_range,NIFTY,2026-06-18,2026-07-07,NIFTY,PE,24100.0,253.95,254.0,231.35,259.96;267.61;276.05,0;1;1,STOPLOSS
plan_2026-06-19_NIFTY_CE_23950.0,nifty_apr_jul_2026_2lots_wide_range,NIFTY,2026-06-19,2026-07-07,NIFTY,CE,23950.0,307.35,341.05,302.7,351.28;364.36;378.8,0;1;1,NOT_ENTERED
plan_2026-06-19_NIFTY_PE_24000.0,nifty_apr_jul_2026_2lots_wide_range,NIFTY,2026-06-19,2026-07-07,NIFTY,PE,24000.0,229.6,231.05,209.7,236.66;243.85;251.8,0;1;1,COMPLETED
plan_2026-06-22_NIFTY_CE_24100.0,nifty_apr_jul_2026_2lots_wide_range,NIFTY,2026-06-22,2026-07-07,NIFTY,CE,24100.0,265.85,270.05,253.9,274.24;279.64;285.6,0;1;1,TRAILING_SL
plan_2026-06-22_NIFTY_PE_24150.0,nifty_apr_jul_2026_2lots_wide_range,NIFTY,2026-06-22,2026-07-07,NIFTY,PE,24150.0,244.75,250.05,241.8,252.09;254.76;257.7,0;1;1,NOT_ENTERED
plan_2026-06-23_NIFTY_CE_24050.0,nifty_apr_jul_2026_2lots_wide_range,NIFTY,2026-06-23,2026-07-07,NIFTY,CE,24050.0,250.0,270.05,249.5,275.44;282.36;290.0,0;1;1,TRAILING_SL
plan_2026-06-23_NIFTY_PE_24100.0,nifty_apr_jul_2026_2lots_wide_range,NIFTY,2026-06-23,2026-07-07,NIFTY,PE,24100.0,210.6,212.9,200.8,215.99;219.99;224.4,0;1;1,STOPLOSS
plan_2026-06-24_NIFTY_CE_23750.0,nifty_apr_jul_2026_2lots_wide_range,NIFTY,2026-06-24,2026-07-07,NIFTY,CE,23750.0,316.55,337.55,306.73,352.72;372.08;393.45,0;1;1,TRAILING_SL
plan_2026-06-24_NIFTY_PE_23800.0,nifty_apr_jul_2026_2lots_wide_range,NIFTY,2026-06-24,2026-07-07,NIFTY,PE,23800.0,201.4,228.05,198.55,235.87;245.89;256.95,0;1;1,NOT_ENTERED
plan_2026-06-25_NIFTY_CE_24100.0,nifty_apr_jul_2026_2lots_wide_range,NIFTY,2026-06-25,2026-07-07,NIFTY,CE,24100.0,236.15,242.4,229.25,245.78;250.14;254.95,0;1;1,STOPLOSS
plan_2026-06-25_NIFTY_PE_24200.0,nifty_apr_jul_2026_2lots_wide_range,NIFTY,2026-06-25,2026-07-07,NIFTY,PE,24200.0,218.6,230.45,215.55,234.3;239.27;244.75,0;1;1,STOPLOSS
plan_2026-06-29_NIFTY_CE_24050.0,nifty_apr_jul_2026_2lots_wide_range,NIFTY,2026-06-29,2026-07-07,NIFTY,CE,24050.0,220.55,224.4,198.7,231.19;239.89;249.5,0;1;1,TRAILING_SL
plan_2026-06-29_NIFTY_PE_24150.0,nifty_apr_jul_2026_2lots_wide_range,NIFTY,2026-06-29,2026-07-07,NIFTY,PE,24150.0,207.5,227.5,202.75,234.03;242.41;251.65,0;1;1,TRAILING_SL
plan_2026-06-30_NIFTY_CE_23950.0,nifty_apr_jul_2026_2lots_wide_range,NIFTY,2026-06-30,2026-07-07,NIFTY,CE,23950.0,206.7,229.9,203.65,236.84;245.73;255.55,0;1;1,NOT_ENTERED
plan_2026-06-30_NIFTY_PE_24100.0,nifty_apr_jul_2026_2lots_wide_range,NIFTY,2026-06-30,2026-07-07,NIFTY,PE,24100.0,223.8,236.9,207.2,244.78;254.86;266.0,0;1;1,COMPLETED
plan_2026-07-01_NIFTY_CE_23850.0,nifty_apr_jul_2026_2lots_wide_range,NIFTY,2026-07-01,2026-07-07,NIFTY,CE,23850.0,215.6,231.15,196.3,240.43;252.3;265.4,0;1;1,STOPLOSS
plan_2026-07-01_NIFTY_PE_24050.0,nifty_apr_jul_2026_2lots_wide_range,NIFTY,2026-07-01,2026-07-07,NIFTY,PE,24050.0,228.65,237.6,210.7,244.72;253.83;263.9,0;1;1,NOT_ENTERED
plan_2026-06-15_NIFTY_CE_23800.0,nifty_apr_jul_2026_2lots_wide_range,NIFTY,2026-06-15,2026-07-14,NIFTY,CE,23800.0,359.1,359.15,358.6,359.1;359.1;359.1,0;1;1,COMPLETED
plan_2026-06-15_NIFTY_PE_24000.0,nifty_apr_jul_2026_2lots_wide_range,NIFTY,2026-06-15,2026-07-14,NIFTY,PE,24000.0,353.35,355.45,322.55,364.2;375.39;387.75,0;1;1,STOPLOSS
plan_2026-06-16_NIFTY_PE_24000.0,nifty_apr_jul_2026_2lots_wide_range,NIFTY,2026-06-16,2026-07-14,NIFTY,PE,24000.0,345.4,351.25,344.9,352.78;354.78;357.0,0;1;1,NOT_ENTERED
plan_2026-06-17_NIFTY_CE_24000.0,nifty_apr_jul_2026_2lots_wide_range,NIFTY,2026-06-17,2026-07-14,NIFTY,CE,24000.0,370.0,397.35,369.5,404.73;414.17;424.6,0;1;1,STOPLOSS
plan_2026-06-17_NIFTY_PE_24050.0,nifty_apr_jul_2026_2lots_wide_range,NIFTY,2026-06-17,2026-07-14,NIFTY,PE,24050.0,328.05,328.1,327.55,328.05;328.05;328.05,0;1;1,NOT_ENTERED
plan_2026-06-19_NIFTY_CE_23950.0,nifty_apr_jul_2026_2lots_wide_range,NIFTY,2026-06-19,2026-07-14,NIFTY,CE,23950.0,374.7,400.05,374.2,406.88;415.64;425.3,0;1;1,NOT_ENTERED
plan_2026-06-19_NIFTY_PE_24000.0,nifty_apr_jul_2026_2lots_wide_range,NIFTY,2026-06-19,2026-07-14,NIFTY,PE,24000.0,265.0,265.05,263.75,265.2;265.46;265.75,0;1;1,COMPLETED
plan_2026-06-22_NIFTY_CE_24100.0,nifty_apr_jul_2026_2lots_wide_range,NIFTY,2026-06-22,2026-07-14,NIFTY,CE,24100.0,332.2,344.0,325.45,348.85;355.07;361.95,0;1;1,TRAILING_SL
plan_2026-06-22_NIFTY_PE_24150.0,nifty_apr_jul_2026_2lots_wide_range,NIFTY,2026-06-22,2026-07-14,NIFTY,PE,24150.0,279.15,302.7,274.1,310.28;319.98;330.7,0;1;1,NOT_ENTERED
plan_2026-06-23_NIFTY_CE_24050.0,nifty_apr_jul_2026_2lots_wide_range,NIFTY,2026-06-23,2026-07-14,NIFTY,CE,24050.0,321.0,321.05,320.5,321.0;321.0;321.0,0;1;1,COMPLETED
plan_2026-06-23_NIFTY_PE_24100.0,nifty_apr_jul_2026_2lots_wide_range,NIFTY,2026-06-23,2026-07-14,NIFTY,PE,24100.0,251.75,254.7,247.2,256.54;258.95;261.6,0;1;1,STOPLOSS
plan_2026-06-24_NIFTY_CE_23750.0,nifty_apr_jul_2026_2lots_wide_range,NIFTY,2026-06-24,2026-07-14,NIFTY,CE,23750.0,391.75,391.8,369.8,397.58;405.01;413.2,0;1;1,TRAILING_SL
plan_2026-06-24_NIFTY_PE_23800.0,nifty_apr_jul_2026_2lots_wide_range,NIFTY,2026-06-24,2026-07-14,NIFTY,PE,23800.0,244.0,258.9,243.35,262.93;268.12;273.85,0;1;1,STOPLOSS
plan_2026-06-25_NIFTY_CE_24100.0,nifty_apr_jul_2026_2lots_wide_range,NIFTY,2026-06-25,2026-07-14,NIFTY,CE,24100.0,307.25,312.55,306.75,313.93;315.74;317.75,0;1;1,COMPLETED
plan_2026-06-25_NIFTY_PE_24150.0,nifty_apr_jul_2026_2lots_wide_range,NIFTY,2026-06-25,2026-07-14,NIFTY,PE,24150.0,245.2,266.6,244.7,272.36;279.74;287.9,0;1;1,NOT_ENTERED
plan_2026-06-29_NIFTY_CE_24050.0,nifty_apr_jul_2026_2lots_wide_range,NIFTY,2026-06-29,2026-07-14,NIFTY,CE,24050.0,303.0,303.1,278.95,309.47;317.63;326.65,0;1;1,TRAILING_SL
plan_2026-06-29_NIFTY_PE_24100.0,nifty_apr_jul_2026_2lots_wide_range,NIFTY,2026-06-29,2026-07-14,NIFTY,PE,24100.0,237.2,256.55,232.85,262.8;270.81;279.65,0;1;1,TRAILING_SL
plan_2026-06-30_NIFTY_CE_24000.0,nifty_apr_jul_2026_2lots_wide_range,NIFTY,2026-06-30,2026-07-14,NIFTY,CE,24000.0,256.35,269.95,253.6,274.2;279.66;285.7,0;1;1,NOT_ENTERED
plan_2026-06-30_NIFTY_PE_24050.0,nifty_apr_jul_2026_2lots_wide_range,NIFTY,2026-06-30,2026-07-14,NIFTY,PE,24050.0,242.7,243.3,241.5,243.59;244.02;244.5,0;1;1,COMPLETED
plan_2026-07-01_NIFTY_CE_23850.0,nifty_apr_jul_2026_2lots_wide_range,NIFTY,2026-07-01,2026-07-14,NIFTY,CE,23850.0,300.95,314.7,290.0,321.22;329.57;338.8,0;1;1,STOPLOSS
plan_2026-07-01_NIFTY_PE_23900.0,nifty_apr_jul_2026_2lots_wide_range,NIFTY,2026-07-01,2026-07-14,NIFTY,PE,23900.0,209.0,216.2,198.1,220.92;227.0;233.7,0;1;1,NOT_ENTERED
