test_name,trading_day,instrument,expiry,reason,details
nifty_apr_jul_2026,2026-03-30,NIFTY,2026-04-07,no ITM candidates,No ITM options between 300-400 at 09:07
nifty_apr_jul_2026,2026-04-01,NIFTY,2026-04-07,no spot candle,No spot candle found at 09:07
nifty_apr_jul_2026,2026-04-01,NIFTY,2026-04-21,no spot candle,No spot candle found at 09:07
nifty_apr_jul_2026,2026-04-02,NIFTY,2026-04-21,no ITM candidates,No ITM options between 300-400 at 09:07
nifty_apr_jul_2026,2026-04-06,NIFTY,2026-04-21,no ITM candidates,No ITM options between 300-400 at 09:07
nifty_apr_jul_2026,2026-04-07,NIFTY,2026-04-21,no ITM candidates,No ITM options between 300-400 at 09:07
nifty_apr_jul_2026,2026-04-08,NIFTY,2026-04-21,no ITM candidates,No ITM options between 300-400 at 09:07
nifty_apr_jul_2026,2026-04-09,NIFTY,2026-04-21,no ITM candidates,No ITM options between 300-400 at 09:07
nifty_apr_jul_2026,2026-04-10,NIFTY,2026-04-21,no ITM candidates,No ITM options between 300-400 at 09:07
nifty_apr_jul_2026,2026-02-27,NIFTY,2026-04-28,no ITM candidates,No ITM options between 300-400 at 09:07
nifty_apr_jul_2026,2026-03-02,NIFTY,2026-04-28,no ITM candidates,No ITM options between 300-400 at 09:07
nifty_apr_jul_2026,2026-03-04,NIFTY,2026-04-28,no ITM candidates,No ITM options between 300-400 at 09:07
nifty_apr_jul_2026,2026-03-05,NIFTY,2026-04-28,no ITM candidates,No ITM options between 300-400 at 09:07
nifty_apr_jul_2026,2026-03-06,NIFTY,2026-04-28,no ITM candidates,No ITM options between 300-400 at 09:07
nifty_apr_jul_2026,2026-03-09,NIFTY,2026-04-28,no ITM candidates,No ITM options between 300-400 at 09:07
nifty_apr_jul_2026,2026-03-10,NIFTY,2026-04-28,no ITM candidates,No ITM options between 300-400 at 09:07
nifty_apr_jul_2026,2026-03-11,NIFTY,2026-04-28,no ITM candidates,No ITM options between 300-400 at 09:07
nifty_apr_jul_2026,2026-03-12,NIFTY,2026-04-28,no ITM candidates,No ITM options between 300-400 at 09:07
nifty_apr_jul_2026,2026-03-13,NIFTY,2026-04-28,no ITM candidates,No ITM options between 300-400 at 09:07
nifty_apr_jul_2026,2026-03-16,NIFTY,2026-04-28,no ITM candidates,No ITM options between 300-400 at 09:07
nifty_apr_jul_2026,2026-03-17,NIFTY,2026-04-28,no ITM candidates,No ITM options between 300-400 at 09:07
nifty_apr_jul_2026,2026-03-18,NIFTY,2026-04-28,no ITM candidates,No ITM options between 300-400 at 09:07
nifty_apr_jul_2026,2026-03-19,NIFTY,2026-04-28,no ITM candidates,No ITM options between 300-400 at 09:07
nifty_apr_jul_2026,2026-03-20,NIFTY,2026-04-28,no ITM candidates,No ITM options between 300-400 at 09:07
nifty_apr_jul_2026,2026-03-23,NIFTY,2026-04-28,no ITM candidates,No ITM options between 300-400 at 09:07
nifty_apr_jul_2026,2026-03-24,NIFTY,2026-04-28,no ITM candidates,No ITM options between 300-400 at 09:07
nifty_apr_jul_2026,2026-03-25,NIFTY,2026-04-28,no ITM candidates,No ITM options between 300-400 at 09:07
nifty_apr_jul_2026,2026-03-27,NIFTY,2026-04-28,no ITM candidates,No ITM options between 300-400 at 09:07
nifty_apr_jul_2026,2026-03-30,NIFTY,2026-04-28,no ITM candidates,No ITM options between 300-400 at 09:07
nifty_apr_jul_2026,2026-04-01,NIFTY,2026-04-28,no spot candle,No spot candle found at 09:07
nifty_apr_jul_2026,2026-04-02,NIFTY,2026-04-28,no ITM candidates,No ITM options between 300-400 at 09:07
nifty_apr_jul_2026,2026-04-06,NIFTY,2026-04-28,no ITM candidates,No ITM options between 300-400 at 09:07
nifty_apr_jul_2026,2026-04-07,NIFTY,2026-04-28,no ITM candidates,No ITM options between 300-400 at 09:07
nifty_apr_jul_2026,2026-04-08,NIFTY,2026-04-28,no ITM candidates,No ITM options between 300-400 at 09:07
nifty_apr_jul_2026,2026-04-09,NIFTY,2026-04-28,no ITM candidates,No ITM options between 300-400 at 09:07
nifty_apr_jul_2026,2026-04-10,NIFTY,2026-04-28,no ITM candidates,No ITM options between 300-400 at 09:07
nifty_apr_jul_2026,2026-04-13,NIFTY,2026-04-28,no ITM candidates,No ITM options between 300-400 at 09:07
nifty_apr_jul_2026,2026-04-15,NIFTY,2026-04-28,no ITM candidates,No ITM options between 300-400 at 09:07
nifty_apr_jul_2026,2026-04-16,NIFTY,2026-04-28,no ITM candidates,No ITM options between 300-400 at 09:07
nifty_apr_jul_2026,2026-04-17,NIFTY,2026-04-28,no ITM candidates,No ITM options between 300-400 at 09:07
nifty_apr_jul_2026,2026-03-27,NIFTY,2026-05-26,no ITM candidates,No ITM options between 300-400 at 09:07
nifty_apr_jul_2026,2026-03-30,NIFTY,2026-05-26,no ITM candidates,No ITM options between 300-400 at 09:07
nifty_apr_jul_2026,2026-04-01,NIFTY,2026-05-26,no spot candle,No spot candle found at 09:07
nifty_apr_jul_2026,2026-04-02,NIFTY,2026-05-26,no ITM candidates,No ITM options between 300-400 at 09:07
nifty_apr_jul_2026,2026-04-06,NIFTY,2026-05-26,no ITM candidates,No ITM options between 300-400 at 09:07
nifty_apr_jul_2026,2026-04-07,NIFTY,2026-05-26,no ITM candidates,No ITM options between 300-400 at 09:07
nifty_apr_jul_2026,2026-04-08,NIFTY,2026-05-26,no ITM candidates,No ITM options between 300-400 at 09:07
nifty_apr_jul_2026,2026-04-09,NIFTY,2026-05-26,no ITM candidates,No ITM options between 300-400 at 09:07
nifty_apr_jul_2026,2026-04-10,NIFTY,2026-05-26,no ITM candidates,No ITM options between 300-400 at 09:07
nifty_apr_jul_2026,2026-04-13,NIFTY,2026-05-26,no ITM candidates,No ITM options between 300-400 at 09:07
nifty_apr_jul_2026,2026-04-15,NIFTY,2026-05-26,no ITM candidates,No ITM options between 300-400 at 09:07
nifty_apr_jul_2026,2026-04-16,NIFTY,2026-05-26,no ITM candidates,No ITM options between 300-400 at 09:07
nifty_apr_jul_2026,2026-04-17,NIFTY,2026-05-26,no ITM candidates,No ITM options between 300-400 at 09:07
nifty_apr_jul_2026,2026-04-20,NIFTY,2026-05-26,no ITM candidates,No ITM options between 300-400 at 09:07
nifty_apr_jul_2026,2026-04-21,NIFTY,2026-05-26,no ITM candidates,No ITM options between 300-400 at 09:07
nifty_apr_jul_2026,2026-04-22,NIFTY,2026-05-26,no ITM candidates,No ITM options between 300-400 at 09:07
nifty_apr_jul_2026,2026-04-23,NIFTY,2026-05-26,no ITM candidates,No ITM options between 300-400 at 09:07
nifty_apr_jul_2026,2026-04-24,NIFTY,2026-05-26,no ITM candidates,No ITM options between 300-400 at 09:07
nifty_apr_jul_2026,2026-04-27,NIFTY,2026-05-26,no ITM candidates,No ITM options between 300-400 at 09:07
nifty_apr_jul_2026,2026-04-28,NIFTY,2026-05-26,no ITM candidates,No ITM options between 300-400 at 09:07
nifty_apr_jul_2026,2026-04-29,NIFTY,2026-05-26,no ITM candidates,No ITM options between 300-400 at 09:07
nifty_apr_jul_2026,2026-04-30,NIFTY,2026-05-26,no ITM candidates,No ITM options between 300-400 at 09:07
nifty_apr_jul_2026,2026-05-04,NIFTY,2026-05-26,no ITM candidates,No ITM options between 300-400 at 09:07
nifty_apr_jul_2026,2026-05-05,NIFTY,2026-05-26,no ITM candidates,No ITM options between 300-400 at 09:07
nifty_apr_jul_2026,2026-05-06,NIFTY,2026-05-26,no ITM candidates,No ITM options between 300-400 at 09:07
nifty_apr_jul_2026,2026-05-07,NIFTY,2026-05-26,no ITM candidates,No ITM options between 300-400 at 09:07
nifty_apr_jul_2026,2026-05-08,NIFTY,2026-05-26,no ITM candidates,No ITM options between 300-400 at 09:07
nifty_apr_jul_2026,2026-05-11,NIFTY,2026-05-26,no ITM candidates,No ITM options between 300-400 at 09:07
nifty_apr_jul_2026,2026-05-12,NIFTY,2026-05-26,no ITM candidates,No ITM options between 300-400 at 09:07
nifty_apr_jul_2026,2026-05-13,NIFTY,2026-05-26,no ITM candidates,No ITM options between 300-400 at 09:07
nifty_apr_jul_2026,2026-05-14,NIFTY,2026-05-26,no ITM candidates,No ITM options between 300-400 at 09:07
nifty_apr_jul_2026,2026-05-15,NIFTY,2026-05-26,no ITM candidates,No ITM options between 300-400 at 09:07
nifty_apr_jul_2026,2026-05-22,NIFTY,2026-05-26,no spot candle,No spot candle found at 09:07
nifty_apr_jul_2026,2026-05-25,NIFTY,2026-05-26,no spot candle,No spot candle found at 09:07
nifty_apr_jul_2026,2026-05-26,NIFTY,2026-05-26,no spot candle,No spot candle found at 09:07
nifty_apr_jul_2026,2026-05-25,NIFTY,2026-06-02,no spot candle,No spot candle found at 09:07
nifty_apr_jul_2026,2026-05-26,NIFTY,2026-06-02,no spot candle,No spot candle found at 09:07
nifty_apr_jul_2026,2026-05-27,NIFTY,2026-06-02,no spot candle,No spot candle found at 09:07
nifty_apr_jul_2026,2026-05-29,NIFTY,2026-06-02,no spot candle,No spot candle found at 09:07
nifty_apr_jul_2026,2026-06-03,NIFTY,2026-06-09,no spot candle,No spot candle found at 09:07
nifty_apr_jul_2026,2026-06-03,NIFTY,2026-07-07,no spot candle,No spot candle found at 09:07
nifty_apr_jul_2026,2026-06-04,NIFTY,2026-07-07,no spot candle,No spot candle found at 09:07
nifty_apr_jul_2026,2026-06-08,NIFTY,2026-07-07,no ITM candidates,No ITM options between 300-400 at 09:07
nifty_apr_jul_2026,2026-06-09,NIFTY,2026-07-07,no ITM candidates,No ITM options between 300-400 at 09:07
nifty_apr_jul_2026,2026-06-12,NIFTY,2026-07-07,no ITM candidates,No ITM options between 300-400 at 09:07
nifty_apr_jul_2026,2026-07-02,NIFTY,2026-07-07,no spot candle,No spot candle found at 09:07
nifty_apr_jul_2026,2026-06-10,NIFTY,2026-07-14,no ITM candidates,No ITM options between 300-400 at 09:07
nifty_apr_jul_2026,2026-06-11,NIFTY,2026-07-14,no ITM candidates,No ITM options between 300-400 at 09:07
nifty_apr_jul_2026,2026-06-12,NIFTY,2026-07-14,no ITM candidates,No ITM options between 300-400 at 09:07
nifty_apr_jul_2026,2026-06-18,NIFTY,2026-07-14,no ITM candidates,No ITM options between 300-400 at 09:07
nifty_apr_jul_2026,2026-07-02,NIFTY,2026-07-14,no spot candle,No spot candle found at 09:07
